T1P1T09_sup_data.tx,T1P1T09_sup_data.ty,T1P1T09_sup_data.tz,T1P1T09_sup_data.rx,T1P1T09_sup_data.ry,T1P1T09_sup_data.rz
4.25345257,0.6227238892,-1.442690056,10.70344307,-39.02913194,65.75124636
4.253152216,0.6226394539,-1.442449492,10.72297905,-39.0163305,65.71838103
4.252278459,0.6223916548,-1.44174967,10.77981099,-38.97908995,65.62249852
4.250872256,0.6219887525,-1.440623393,10.87127491,-38.91915593,65.46766906
4.248974564,0.6214390075,-1.439103467,10.99470679,-38.8382741,65.25796287
4.246626341,0.6207506803,-1.437222695,11.14744264,-38.73819011,64.99745018
4.243868544,0.6199320314,-1.435013881,11.32681848,-38.62064962,64.69020121
4.240742131,0.6189913212,-1.43250983,11.53017028,-38.48739826,64.34028619
4.237288059,0.6179368104,-1.429743346,11.75483407,-38.34018169,63.95177534
4.233547286,0.6167767594,-1.426747232,11.99814584,-38.18074557,63.52873889
4.229560768,0.6155194287,-1.423554294,12.25744159,-38.01083554,63.07524706
4.225369463,0.6141730787,-1.420197334,12.53005734,-37.83219726,62.59537007
4.221014329,0.6127459701,-1.416709158,12.81332907,-37.64657637,62.09317816
4.216536322,0.6112463633,-1.41312257,13.10459279,-37.45571853,61.57274154
4.211976401,0.6096825188,-1.409470373,13.40118451,-37.26136939,61.03813045
4.207375522,0.6080626972,-1.405785372,13.70044023,-37.0652746,60.4934151
4.202774644,0.6063951588,-1.402100371,13.99969594,-36.86917981,59.94266572
4.198214723,0.6046881643,-1.398448174,14.29628766,-36.67483067,59.38995254
4.193736716,0.6029499741,-1.394861585,14.58755139,-36.48397283,58.83934577
4.189381582,0.6011888487,-1.391373409,14.87082312,-36.29835194,58.29491566
4.185190277,0.5994130487,-1.38801645,15.14343886,-36.11971366,57.76073241
4.181203759,0.5976308344,-1.384823511,15.40273461,-35.94980363,57.24086626
4.177462986,0.5958504666,-1.381827397,15.64604638,-35.79036751,56.73938742
4.174008914,0.5940802055,-1.379060913,15.87071017,-35.64315094,56.26036614
4.170882501,0.5923283118,-1.376556862,16.07406198,-35.50989959,55.80787262
4.168124704,0.5906030459,-1.374348048,16.25343781,-35.39235909,55.3859771
4.165776481,0.5889126684,-1.372467276,16.40617366,-35.2922751,54.99874979
4.163878789,0.5872654397,-1.37094735,16.52960555,-35.21139327,54.65026093
4.162472586,0.5856696204,-1.369821073,16.62106946,-35.15145925,54.34458074
4.161598829,0.5841334709,-1.369121251,16.67790141,-35.1142187,54.08577945
4.161298475,0.5826652518,-1.368880687,16.69743739,-35.10141726,53.87792727
4.161772648,0.5811782178,-1.36919352,16.69692569,-35.11300976,53.70287338
4.163167285,0.5795873341,-1.37011193,16.6952485,-35.14707343,53.53948527
4.165440563,0.5779034268,-1.371605784,16.69219263,-35.20253748,53.38736069
4.168550658,0.5761373222,-1.373644949,16.68754495,-35.27833115,53.24609737
4.172455748,0.5742998464,-1.376199293,16.68109226,-35.37338367,53.11529302
4.177114009,0.5724018256,-1.379238682,16.67262143,-35.48662428,52.99454539
4.182483617,0.570454086,-1.382732985,16.66191927,-35.61698219,52.88345221
4.18852275,0.5684674536,-1.386652068,16.64877262,-35.76338664,52.78161121
4.195189584,0.5664527548,-1.390965798,16.63296833,-35.92476685,52.68862011
4.202442296,0.5644208156,-1.395644044,16.61429323,-36.10005207,52.60407666
4.210239062,0.5623824623,-1.400656671,16.59253415,-36.28817151,52.52757858
4.21853806,0.5603485209,-1.405973547,16.56747793,-36.48805442,52.4587236
4.227297465,0.5583298177,-1.411564539,16.53891141,-36.69863,52.39710946
4.236475456,0.5563371789,-1.417399516,16.50662142,-36.91882751,52.34233388
4.246030208,0.5543814306,-1.423448343,16.47039479,-37.14757617,52.2939946
4.255919898,0.5524733989,-1.429680888,16.43001837,-37.3838052,52.25168935
4.266102703,0.5506239101,-1.436067018,16.38527899,-37.62644383,52.21501586
4.2765368,0.5488437904,-1.442576601,16.33596349,-37.87442131,52.18357187
4.287180365,0.5471438658,-1.449179504,16.2818587,-38.12666685,52.15695509
4.297991575,0.5455349626,-1.455845593,16.22275145,-38.38210969,52.13476327
4.308928607,0.5440279069,-1.462544737,16.15842859,-38.63967905,52.11659414
4.319949638,0.5426335249,-1.469246802,16.08867696,-38.89830417,52.10204543
4.331012844,0.5413626428,-1.475921655,16.01328337,-39.15691427,52.09071486
4.342076402,0.5402260867,-1.482539165,15.93203468,-39.41443859,52.08220017
4.353098489,0.5392346828,-1.489069197,15.84471772,-39.66980635,52.0760991
4.364037281,0.5383992574,-1.49548162,15.75111932,-39.92194679,52.07200937
4.374850955,0.5377306364,-1.5017463,15.65102633,-40.16978913,52.06952871
4.385497689,0.5372396462,-1.507833105,15.54422557,-40.41226261,52.06825486
4.395935658,0.5369371129,-1.513711902,15.43050388,-40.64829645,52.06778555
4.406123039,0.5368338627,-1.519352558,15.3096481,-40.87681989,52.0677185
4.416394984,0.5370108979,-1.525090173,15.17871554,-41.11158113,52.09330791
4.427092335,0.5375259095,-1.531251032,15.035434,-41.36576132,52.16810499
4.438181804,0.5383547562,-1.537791781,14.88059609,-41.63743909,52.28915301
4.449630105,0.539473297,-1.544669065,14.71499441,-41.92469305,52.45349524
4.461403951,0.5408573907,-1.55183953,14.53942153,-42.22560181,52.65817496
4.473470054,0.542482896,-1.559259821,14.35467007,-42.538244,52.90023545
4.485795127,0.5443256719,-1.566886584,14.16153261,-42.86069824,53.17671997
4.498345883,0.546361577,-1.574676464,13.96080174,-43.19104315,53.48467181
4.511089036,0.5485664704,-1.582586108,13.75327008,-43.52735735,53.82113423
4.523991297,0.5509162108,-1.59057216,13.5397302,-43.86771945,54.18315051
4.53701938,0.553386657,-1.598591266,13.32097471,-44.21020808,54.56776393
4.550139998,0.5559536679,-1.606600072,13.09779619,-44.55290185,54.97201776
4.563319864,0.5585931023,-1.614555223,12.87098725,-44.89387939,55.39295527
4.57652569,0.561280819,-1.622413366,12.64134048,-45.23121931,55.82761975
4.589724189,0.5639926769,-1.630131144,12.40964847,-45.56300024,56.27305445
4.602882075,0.5667045348,-1.637665204,12.17670383,-45.88730079,56.72630266
4.61596606,0.5693922515,-1.644972192,11.94329913,-46.20219958,57.18440765
4.628942857,0.5720316859,-1.652008753,11.71022699,-46.50577523,57.6444127
4.641779179,0.5745986968,-1.658731533,11.47827998,-46.79610636,58.10336107
4.654441739,0.577069143,-1.665097177,11.24825072,-47.0712716,58.55829605
4.66689725,0.5794188834,-1.671062331,11.02093179,-47.32934955,59.00626091
4.679112425,0.5816237768,-1.67658364,10.79711579,-47.56841885,59.44429892
4.691053976,0.583659682,-1.681617749,10.57759532,-47.7865581,59.86945335
4.702688616,0.5855024578,-1.686121306,10.36316296,-47.98184594,60.27876749
4.713983059,0.5871279631,-1.690050954,10.15461131,-48.15236097,60.6692846
4.724904017,0.5885120568,-1.69336334,9.952732976,-48.29618182,61.03804796
4.735418204,0.5896305976,-1.696015109,9.758320542,-48.4113871,61.38210084
4.745492331,0.5904594444,-1.697962906,9.572166608,-48.49605544,61.69848653
4.755093112,0.590974456,-1.699163378,9.395063766,-48.54826546,61.98424828
4.764187261,0.5911514912,-1.69957317,9.227804612,-48.56609577,62.23642938
4.772997838,0.5910981643,-1.699202049,9.064484301,-48.5594288,62.46816479
4.781758462,0.5909430315,-1.698122425,8.899028538,-48.54003399,62.69444817
4.790451677,0.5906933647,-1.696384906,8.731975743,-48.50882045,62.91511084
4.799060028,0.5903564357,-1.694040099,8.563864337,-48.46669733,63.12998413
4.807566061,0.5899395164,-1.691138611,8.395232741,-48.41457375,63.33889936
4.815952319,0.5894498786,-1.687731049,8.226619375,-48.35335885,63.54168785
4.824201349,0.5888947941,-1.683868021,8.05856266,-48.28396177,63.73818093
4.832295694,0.5882815348,-1.679600134,7.891601017,-48.20729162,63.92820992
4.840217901,0.5876173727,-1.674977996,7.726272866,-48.12425755,64.11160613
4.847950513,0.5869095794,-1.670052214,7.563116628,-48.03576869,64.28820091
4.855476076,0.5861654268,-1.664873395,7.402670723,-47.94273417,64.45782556
4.862777135,0.5853921869,-1.659492146,7.245473573,-47.84606312,64.62031141
4.869836235,0.5845971314,-1.653959075,7.092063598,-47.74666467,64.77548978
4.87663592,0.5837875323,-1.64832479,6.942979219,-47.64544796,64.92319201
4.883158735,0.5829706612,-1.642639898,6.798758856,-47.54332212,65.0632494
4.889387227,0.5821537902,-1.636955005,6.65994093,-47.44119628,65.19549328
4.895303938,0.5813441911,-1.63132072,6.527063862,-47.33997957,65.31975499
4.900891415,0.5805491356,-1.625787649,6.400666072,-47.24058112,65.43586583
4.906132202,0.5797758957,-1.620406401,6.281285982,-47.14391007,65.54365713
4.911008845,0.5790317431,-1.615227581,6.169462011,-47.05087555,65.64296023
4.915503887,0.5783239498,-1.610301799,6.06573258,-46.96238668,65.73360642
4.919599875,0.5776597876,-1.605679661,5.97063611,-46.87935262,65.81542706
4.923279352,0.5770465284,-1.601411774,5.884711023,-46.80268247,65.88825344
4.926524865,0.5764914439,-1.597548746,5.808495737,-46.73328539,65.95191691
4.929318957,0.5760018061,-1.594141184,5.742528675,-46.67207049,66.00624877
4.931644175,0.5755848868,-1.591239696,5.687348256,-46.61994691,66.05108036
4.933483062,0.5752479578,-1.588894889,5.643492902,-46.57782379,66.086243
4.934818164,0.574998291,-1.58715737,5.611501033,-46.54661025,66.11156801
4.935632025,0.5748431582,-1.586077746,5.59191107,-46.52721544,66.12688671
4.935907191,0.5747898313,-1.585706626,5.585261433,-46.52054847,66.13203042
4.934703285,0.5747909277,-1.586035953,5.606347562,-46.52557595,66.09401377
4.931183768,0.5747986028,-1.587000802,5.667689028,-46.5403937,65.98281246
4.925486941,0.574819435,-1.588566468,5.766410451,-46.56460468,65.80269945
4.917751107,0.5748600031,-1.59069825,5.899636448,-46.59781185,65.55794774
4.908114566,0.5749268855,-1.593361444,6.064491638,-46.63961818,65.25283029
4.89671562,0.575026661,-1.596521347,6.258100641,-46.68962661,64.89162006
4.88369257,0.5751659081,-1.600143257,6.477588075,-46.74744011,64.47859005
4.869183718,0.5753512054,-1.604192471,6.720078559,-46.81266164,64.01801321
4.853327367,0.5755891315,-1.608634286,6.982696711,-46.88489416,63.51416253
4.836261816,0.575886265,-1.613434,7.262567151,-46.96374063,62.97131097
4.818125368,0.5762491846,-1.618556909,7.556814497,-47.04880401,62.39373151
4.799056324,0.5766844688,-1.623968311,7.862563368,-47.13968726,61.78569712
4.779192985,0.5771986962,-1.629633503,8.176938382,-47.23599334,61.15148078
4.758673654,0.5777984454,-1.635517782,8.497064159,-47.3373252,60.49535546
4.737636632,0.5784902951,-1.641586445,8.820065317,-47.44328582,59.82159413
4.71622022,0.5792808238,-1.64780479,9.143066476,-47.55347814,59.13446976
4.69456272,0.5801766102,-1.654138114,9.463192253,-47.66750513,58.43825533
4.672802433,0.5811842328,-1.660551715,9.777567267,-47.78496975,57.73722382
4.651077661,0.5823102702,-1.667010888,10.08331614,-47.90547496,57.03564818
4.629526705,0.5835613011,-1.673480932,10.37756348,-48.02862372,56.33780141
4.608287867,0.584943904,-1.679927144,10.65743392,-48.15401899,55.64795646
4.587499448,0.5864646576,-1.68631482,10.92005208,-48.28126372,54.97038632
4.567299751,0.5881301404,-1.692609259,11.16254256,-48.40996088,54.30936396
4.547827076,0.5899469311,-1.698775757,11.38202999,-48.53971343,53.66916235
4.529219725,0.5919216082,-1.704779612,11.575639,-48.67012433,53.05405446
4.511615999,0.5940607504,-1.71058612,11.74049419,-48.80079653,52.46831327
4.4951542,0.5963709363,-1.716160579,11.87372018,-48.93133301,51.91621175
4.47997263,0.5988587444,-1.721468287,11.97244161,-49.06133671,51.40202287
4.46620959,0.6015307534,-1.72647454,12.03378307,-49.19041059,50.93001961
4.454003382,0.6043935419,-1.731144636,12.0548692,-49.31815763,50.50447494
4.442861555,0.6079626513,-1.735744824,12.04622206,-49.45249442,50.1024023
4.4321879,0.6126894123,-1.740547708,12.02106673,-49.60073851,49.69868133
4.421965076,0.618484087,-1.745528119,11.98058238,-49.76159425,49.29438427
4.412175746,0.6252569374,-1.750660887,11.92594816,-49.93376601,48.89058335
4.402802569,0.6329182256,-1.755920842,11.85834322,-50.11595814,48.48835081
4.393828206,0.6413782138,-1.761282813,11.77894672,-50.30687499,48.0887589
4.385235318,0.6505471641,-1.766721632,11.68893783,-50.50522092,47.69287986
4.377006565,0.6603353385,-1.772212129,11.58949568,-50.70970029,47.30178593
4.369124609,0.6706529991,-1.777729133,11.48179944,-50.91901746,46.91654935
4.361572111,0.6814104081,-1.783247474,11.36702827,-51.13187677,46.53824235
4.35433173,0.6925178276,-1.788741983,11.24636132,-51.3469826,46.16793719
4.347386127,0.7038855196,-1.794187491,11.12097774,-51.56303929,45.8067061
4.340717964,0.7154237463,-1.799558826,10.9920567,-51.7787512,45.45562132
4.334309902,0.7270427698,-1.804830819,10.86077734,-51.99282269,45.1157551
4.3281446,0.7386528521,-1.8099783,10.72831883,-52.20395811,44.78817967
4.322204719,0.7501642554,-1.8149761,10.59586032,-52.41086183,44.47396727
4.316472921,0.7614872417,-1.819799048,10.46458097,-52.61223819,44.17419016
4.310931866,0.7725320733,-1.824421975,10.33565992,-52.80679156,43.88992055
4.305564214,0.783209012,-1.82881971,10.21027635,-52.99322629,43.62223071
4.300352627,0.7934283202,-1.832967085,10.08960939,-53.17024673,43.37219286
4.295279766,0.8031002598,-1.836838928,9.974838222,-53.33655726,43.14087926
4.29032829,0.812135093,-1.84041007,9.867141984,-53.49086221,42.92936213
4.285480861,0.8204430819,-1.843655342,9.767699838,-53.63186595,42.73871372
4.280720139,0.8279344886,-1.846549573,9.677690939,-53.75827283,42.57000628
4.276028785,0.8345195751,-1.849067594,9.598294443,-53.86878722,42.42431204
4.271389461,0.8401086036,-1.851184234,9.530689505,-53.96211346,42.30270324
4.266784825,0.8446118362,-1.852874324,9.476055283,-54.03695592,42.20625212
4.262197541,0.847939535,-1.854112694,9.435570931,-54.09201894,42.13603093
4.257610267,0.850001962,-1.854874173,9.410415605,-54.1260069,42.09311191
4.253005665,0.8507093795,-1.855133593,9.401768462,-54.13762414,42.07856729
4.24850672,0.8504013142,-1.854805877,9.40205861,-54.12549593,42.08212789
4.244240977,0.8494999868,-1.853846662,9.402906204,-54.0899923,42.09257043
4.240197939,0.8480397001,-1.85229185,9.404276971,-54.03243474,42.10953605
4.236367109,0.8460547569,-1.850177345,9.406136636,-53.95414474,42.1326659
4.232737989,0.8435794597,-1.847539047,9.408450926,-53.8564438,42.16160109
4.229300082,0.8406481115,-1.844412858,9.411185567,-53.74065339,42.19598277
4.226042889,0.837295015,-1.840834682,9.414306284,-53.60809501,42.23545208
4.222955914,0.8335544728,-1.836840419,9.417778804,-53.46009016,42.27965014
4.22002866,0.8294607878,-1.832465972,9.421568852,-53.29796032,42.3282181
4.217250628,0.8250482627,-1.827747243,9.425642156,-53.12302698,42.38079708
4.214611321,0.8203512002,-1.822720134,9.42996444,-52.93661164,42.43702823
4.212100242,0.8154039031,-1.817420547,9.434501432,-52.74003578,42.49655267
4.209706894,0.8102406741,-1.811884384,9.439218856,-52.5346209,42.55901155
4.207420778,0.804895816,-1.806147547,9.444082439,-52.32168848,42.624046
4.205231397,0.7994036315,-1.800245938,9.449057908,-52.10256002,42.69129715
4.203128254,0.7937984233,-1.794215459,9.454110987,-51.878557,42.76040614
4.201100852,0.7881144943,-1.788092013,9.459207404,-51.65100093,42.83101411
4.199138692,0.7823861471,-1.7819115,9.464312884,-51.42121328,42.90276218
4.197231278,0.7766476845,-1.775709824,9.469393153,-51.19051555,42.9752915
4.195368112,0.7709334093,-1.769522886,9.474413938,-50.96022922,43.0482432
4.193538696,0.7652776241,-1.763386588,9.479340964,-50.7316758,43.12125842
4.191732533,0.7597146317,-1.757336832,9.484139958,-50.50617677,43.19397828
4.189939126,0.754278735,-1.751409521,9.488776645,-50.28505362,43.26604393
4.188147976,0.7490042365,-1.745640556,9.493216751,-50.06962784,43.3370965
4.186348587,0.7439254392,-1.74006584,9.497426003,-49.86122092,43.40677712
4.184530462,0.7390766456,-1.734721274,9.501370127,-49.66115436,43.47472693
4.182683101,0.7344921586,-1.729642761,9.505014849,-49.47074964,43.54058707
4.180796009,0.7302062809,-1.724866202,9.508325894,-49.29132825,43.60399867
4.178858688,0.7262533152,-1.7204275,9.511268989,-49.12421169,43.66460287
4.176860639,0.7226675644,-1.716362556,9.51380986,-48.97072144,43.7220408
4.174812756,0.7192533844,-1.712446158,9.516075706,-48.82231436,43.77710758
4.17273746,0.7157995342,-1.708439586,9.518218728,-48.66998521,43.83093417
4.170641546,0.7123169203,-1.704358487,9.520242155,-48.51436231,43.88366542
4.168531811,0.7088164495,-1.700218507,9.522149217,-48.356074,43.93544619
4.16641505,0.7053090286,-1.696035292,9.523943144,-48.1957486,43.98642133
4.16429806,0.7018055642,-1.691824487,9.525627164,-48.03401445,44.03673571
4.162187636,0.698316963,-1.687601739,9.527204508,-47.87149987,44.08653417
4.160090575,0.6948541318,-1.683382694,9.528678405,-47.7088332,44.13596157
4.158013672,0.6914279773,-1.679182997,9.530052084,-47.54664278,44.18516278
4.155963723,0.6880494061,-1.675018294,9.531328776,-47.38555692,44.23428264
4.153947525,0.684729325,-1.670904232,9.532511708,-47.22620395,44.28346602
4.151971874,0.6814786407,-1.666856456,9.533604112,-47.06921223,44.33285777
4.150043565,0.6783082599,-1.662890612,9.534609216,-46.91521006,44.38260274
4.148169394,0.6752290894,-1.659022346,9.535530249,-46.76482578,44.43284581
4.146356158,0.6722520357,-1.655267304,9.536370442,-46.61868772,44.48373181
4.144610652,0.6693880057,-1.651641132,9.537133024,-46.47742422,44.53540562
4.142939672,0.6666479061,-1.648159475,9.537821225,-46.34166361,44.58801207
4.141350015,0.6640426435,-1.644837981,9.538438273,-46.2120342,44.64169605
4.139848476,0.6615831247,-1.641692294,9.538987398,-46.08916434,44.69660239
4.138441851,0.6592802564,-1.638738061,9.539471831,-45.97368236,44.75287595
4.137136936,0.6571449453,-1.635990927,9.539894799,-45.86621659,44.8106616
4.135940528,0.6551880981,-1.633466539,9.540259534,-45.76739535,44.87010419
4.134859423,0.6534206215,-1.631180542,9.540569264,-45.67784698,44.93134858
4.133900415,0.6518534222,-1.629148582,9.540827218,-45.59819981,44.99453961
4.133070302,0.6504974069,-1.627386305,9.541036627,-45.52908217,45.05982216
4.132375878,0.6493634825,-1.625909358,9.54120072,-45.47112238,45.12734108
4.131823941,0.6484625554,-1.624733386,9.541322726,-45.42494879,45.19724121
4.131421287,0.6478055326,-1.623874034,9.541405874,-45.39118972,45.26966743
4.13117471,0.6474033206,-1.62334695,9.541453395,-45.37047351,45.34476459
4.131091008,0.6472668263,-1.623167778,9.541468518,-45.36342847,45.42267754
4.131127468,0.6482540112,-1.623573303,9.514439309,-45.3787684,45.50870224
4.131232066,0.6510860991,-1.624736695,9.436896497,-45.42277638,45.60701557
4.13139763,0.6555688897,-1.626578179,9.314157303,-45.49243474,45.71608373
4.131616988,0.6615081826,-1.629017979,9.151538948,-45.58472577,45.83437293
4.131882967,0.6687097775,-1.631976319,8.954358654,-45.69663179,45.96034938
4.132188394,0.6769794742,-1.635373424,8.727933643,-45.8251351,46.09247929
4.132526098,0.6861230723,-1.639129518,8.477581135,-45.96721803,46.22922888
4.132888905,0.6959463715,-1.643164827,8.208618353,-46.11986287,46.36906435
4.133269643,0.7062551714,-1.647399575,7.926362517,-46.28005194,46.51045192
4.13366114,0.7168552718,-1.651753985,7.636130848,-46.44476754,46.65185778
4.134056223,0.7275524724,-1.656148284,7.34324057,-46.61099198,46.79174816
4.13444772,0.7381525729,-1.660502694,7.053008901,-46.77570759,46.92858927
4.134828458,0.7484613728,-1.664737442,6.770753065,-46.93589665,47.06084731
4.135191265,0.758284672,-1.668772751,6.501790283,-47.08854149,47.18698849
4.135528968,0.7674282701,-1.672528845,6.251437775,-47.23062442,47.30547903
4.135834396,0.7756979668,-1.675925951,6.025012764,-47.35912773,47.41478514
4.136100374,0.7828995617,-1.678884291,5.82783247,-47.47103375,47.51337302
4.136319732,0.7888388546,-1.68132409,5.665214115,-47.56332479,47.59970889
4.136485296,0.7933216452,-1.683165574,5.542474921,-47.63298314,47.67225895
4.136589895,0.7961537331,-1.684328966,5.464932109,-47.67699113,47.72948942
4.136626355,0.797140918,-1.684734491,5.4379029,-47.69233105,47.76986651
4.136448067,0.7969051056,-1.684339891,5.4525981,-47.67842357,47.8005064
4.135925608,0.7962112137,-1.683182389,5.495839875,-47.63757667,47.82957536
4.13507758,0.7950795606,-1.681301429,5.566362493,-47.57110368,47.85711475
4.133922587,0.7935304644,-1.678736458,5.66290022,-47.48031792,47.88316589
4.132479234,0.7915842434,-1.67552692,5.784187323,-47.36653272,47.90777012
4.130766124,0.7892612155,-1.67171226,5.928958067,-47.2310614,47.9309688
4.128801861,0.7865816992,-1.667331925,6.095946721,-47.07521727,47.95280325
4.12660505,0.7835660124,-1.662425359,6.283887549,-46.90031367,47.97331482
4.124194293,0.7802344734,-1.657032007,6.491514819,-46.70766393,47.99254485
4.121588195,0.7766074004,-1.651191316,6.717562798,-46.49858135,48.01053468
4.118805361,0.7727051114,-1.644942731,6.96076575,-46.27437927,48.02732564
4.115864393,0.7685479248,-1.638325696,7.219857945,-46.036371,48.04295908
4.112783896,0.7641561587,-1.631379657,7.493573646,-45.78586988,48.05747634
4.109582473,0.7595501312,-1.624144059,7.780647122,-45.52418923,48.07091875
4.106278729,0.7547501604,-1.616658349,8.079812638,-45.25264237,48.08332767
4.102891267,0.7497765647,-1.60896197,8.389804462,-44.97254261,48.09474442
4.099438692,0.7446496621,-1.601094369,8.709356859,-44.6852033,48.10521035
4.095939607,0.7393897709,-1.593094991,9.037204097,-44.39193774,48.1147668
4.092412616,0.7340172091,-1.58500328,9.372080441,-44.09405927,48.12345511
4.088876323,0.728552295,-1.576858684,9.712720158,-43.7928812,48.13131661
4.085349332,0.7230153468,-1.568700646,10.05785751,-43.48971687,48.13839266
4.081850247,0.7174266825,-1.560568612,10.40622678,-43.18587959,48.14472458
4.078397672,0.7118066205,-1.552502028,10.75656221,-42.88268268,48.15035372
4.07501021,0.7061754788,-1.544540339,11.10759809,-42.58143948,48.15532142
4.071706466,0.7005535756,-1.536722989,11.45806867,-42.28346329,48.15966902
4.068505043,0.6949612291,-1.529089426,11.80670822,-41.99006746,48.16343785
4.065424546,0.6894187575,-1.521679093,12.15225101,-41.7025653,48.16666927
4.062483578,0.6839464789,-1.514531436,12.49343131,-41.42227013,48.16940461
4.059700743,0.6785647115,-1.507685901,12.82898338,-41.15049528,48.1716852
4.057094646,0.6732937735,-1.501181932,13.15764148,-40.88855407,48.17355239
4.054683889,0.6681539831,-1.495058976,13.4781399,-40.63775982,48.17504753
4.052487078,0.6631656583,-1.489356478,13.78921288,-40.39942586,48.17621194
4.050522815,0.6583491175,-1.484113882,14.0895947,-40.17486552,48.17708697
4.048809705,0.6537246788,-1.479370634,14.37801962,-39.96539211,48.17771396
4.047366352,0.6493126602,-1.47516618,14.65322192,-39.77231895,48.17813425
4.046211359,0.6451333801,-1.471539965,14.91393585,-39.59695938,48.17838918
4.045363331,0.6412071566,-1.468531434,15.15889569,-39.44062672,48.17852009
4.044840871,0.6375543078,-1.466180033,15.38683569,-39.30463428,48.17856832
4.044662584,0.634195152,-1.464525207,15.59649014,-39.1902954,48.17857521
4.045100391,0.6311064778,-1.46327445,15.79178968,-39.0906187,48.17140997
4.046376154,0.6282412228,-1.462107046,15.97780859,-38.99758457,48.15039161
4.04843339,0.625583928,-1.461020119,16.15499656,-38.91096395,48.11623623
4.051215613,0.6231191343,-1.460010795,16.32380325,-38.83052779,48.0696599
4.054666339,0.620831383,-1.4590762,16.48467834,-38.75604704,48.0113787
4.058729083,0.6187052149,-1.458213461,16.63807152,-38.68729264,47.94210871
4.06334736,0.6167251711,-1.457419703,16.78443246,-38.62403554,47.86256602
4.068464686,0.6148757928,-1.456692051,16.92421084,-38.56604669,47.7734667
4.074024576,0.6131416209,-1.456027631,17.05785634,-38.51309702,47.67552683
4.079970545,0.6115071964,-1.45542357,17.18581863,-38.46495749,47.5694625
4.086246109,0.6099570605,-1.454876993,17.3085474,-38.42139904,47.45598978
4.092794783,0.6084757542,-1.454385025,17.42649231,-38.38219262,47.33582475
4.099560082,0.6070478185,-1.453944793,17.54010306,-38.34710917,47.20968349
4.106485521,0.6056577944,-1.453553423,17.64982931,-38.31591964,47.07828209
4.113514616,0.604290223,-1.45320804,17.75612075,-38.28839497,46.94233662
4.120590882,0.6029296454,-1.45290577,17.85942706,-38.26430612,46.80256317
4.127657835,0.6015606026,-1.452643738,17.9601979,-38.24342402,46.65967781
4.134658989,0.6001676356,-1.452419072,18.05888296,-38.22551963,46.51439662
4.14153786,0.5987352855,-1.452228895,18.15593193,-38.21036388,46.36743569
4.148237963,0.5972480934,-1.452070335,18.25179446,-38.19772773,46.21951109
4.154702814,0.5956906002,-1.451940517,18.34692025,-38.18738212,46.0713389
4.160875928,0.594047347,-1.451836567,18.44175898,-38.179098,45.92363521
4.16670082,0.5923028749,-1.45175561,18.53676031,-38.17264631,45.77711609
4.172121005,0.5904417249,-1.451694773,18.63237393,-38.167798,45.63249763
4.177079999,0.5884484381,-1.451651181,18.72904951,-38.16432401,45.49049591
4.181521318,0.5863075555,-1.45162196,18.82723674,-38.1619953,45.35182699
4.185388475,0.5840036181,-1.451604236,18.92738529,-38.1605828,45.21720698
4.188624988,0.581521167,-1.451595134,19.02994484,-38.15985746,45.08735193
4.19117437,0.5788447433,-1.451591781,19.13536507,-38.15959023,44.96297795
4.192980137,0.5759588879,-1.451591302,19.24409565,-38.15955205,44.84480109
4.194325414,0.5727635267,-1.451616488,19.35711245,-38.16175596,44.72589799
4.195536277,0.5691915792,-1.451689757,19.4746985,-38.16816734,44.59941127
4.196620672,0.565277077,-1.451807674,19.59626424,-38.17848564,44.46615605
4.197586548,0.5610540519,-1.451966805,19.72122012,-38.19241035,44.32694744
4.19844185,0.5565565356,-1.452163715,19.84897658,-38.20964092,44.18260056
4.199194524,0.5518185598,-1.45239497,19.97894408,-38.22987682,44.03393052
4.199852518,0.5468741562,-1.452657136,20.11053305,-38.25281752,43.88175244
4.200423777,0.5417573564,-1.452946777,20.24315393,-38.27816248,43.72688143
4.200916248,0.5365021923,-1.45326046,20.37621718,-38.30561118,43.5701326
4.201337878,0.5311426954,-1.453594749,20.50913324,-38.33486308,43.41232108
4.201696614,0.5257128975,-1.453946211,20.64131255,-38.36561764,43.25426196
4.202000401,0.5202468302,-1.454311411,20.77216556,-38.39757434,43.09677038
4.202257186,0.5147785253,-1.454686914,20.90110272,-38.43043263,42.94066144
4.202474917,0.5093420145,-1.455069286,21.02753446,-38.46389199,42.78675026
4.202661538,0.5039713295,-1.455455093,21.15087124,-38.49765189,42.63585195
4.202824998,0.498700502,-1.4558409,21.27052349,-38.53141178,42.48878162
4.202973241,0.4935635636,-1.456223272,21.38590167,-38.56487114,42.3463544
4.203114216,0.4885945461,-1.456598775,21.49641621,-38.59772944,42.20938539
4.203255868,0.4838274811,-1.456963975,21.60147757,-38.62968613,42.07868971
4.203406144,0.4792964004,-1.457315437,21.70049619,-38.66044069,41.95508248
4.203572991,0.4750353357,-1.457649726,21.79288251,-38.68969259,41.8393788
4.203764354,0.4710783187,-1.457963409,21.87804697,-38.71714129,41.7323938
4.203988181,0.467459381,-1.45825305,21.95540003,-38.74248625,41.63494258
4.204252418,0.4642125544,-1.458515216,22.02435213,-38.76542695,41.54784027
4.204565012,0.4613718706,-1.458746471,22.08431371,-38.78566285,41.47190197
4.204933909,0.4589713612,-1.458943381,22.13469521,-38.80289342,41.40794281
4.205367055,0.457045058,-1.459102512,22.17490709,-38.81681813,41.35677788
4.205872397,0.4556269926,-1.459220429,22.20435979,-38.82713643,41.31922232
4.206457882,0.4547511968,-1.459293698,22.22246374,-38.83354781,41.29609123
4.207131456,0.4544517023,-1.459318884,22.22862941,-38.83575172,41.28819974
4.207899236,0.4544528298,-1.45920154,22.20509957,-38.83506429,41.30757007
4.208756629,0.4544607225,-1.458860177,22.13650306,-38.83306451,41.36392013
4.209695519,0.4544821453,-1.458310794,22.0258294,-38.82984612,41.45460851
4.210707791,0.4545238635,-1.457569394,21.87606812,-38.82550285,41.5769938
4.211785328,0.4545926421,-1.456651979,21.69020875,-38.82012844,41.72843459
4.212920016,0.4546952463,-1.455574549,21.4712408,-38.81381664,41.90628947
4.214103737,0.4548384411,-1.454353107,21.2221538,-38.80666118,42.10791703
4.215328377,0.4550289917,-1.453003652,20.94593727,-38.7987558,42.33067586
4.216585818,0.4552736632,-1.451542188,20.64558073,-38.79019424,42.57192456
4.217867946,0.4555792207,-1.449984716,20.32407372,-38.78107025,42.82902171
4.219166645,0.4559524293,-1.448347236,19.98440575,-38.77147756,43.09932591
4.220473798,0.4564000541,-1.44664575,19.62956635,-38.76150991,43.38019575
4.22178129,0.4569288603,-1.44489626,19.26254504,-38.75126104,43.66898981
4.223081004,0.4575456128,-1.443114767,18.88633134,-38.74082469,43.96306669
4.224364826,0.4582570769,-1.441317273,18.50391478,-38.7302946,44.25978498
4.225624638,0.4590700177,-1.439519779,18.11828488,-38.71976451,44.55650327
4.226852326,0.4599912003,-1.437738286,17.73243116,-38.70932816,44.85058015
4.228039773,0.4610273897,-1.435988796,17.34934315,-38.69907929,45.13937421
4.229178864,0.4621853511,-1.434287311,16.97201038,-38.68911164,45.42024405
4.230261482,0.4634718496,-1.432649831,16.60342236,-38.67951895,45.69054825
4.231279512,0.4648936503,-1.431092358,16.24656861,-38.67039496,45.9476454
4.232224838,0.4664575183,-1.429630894,15.90443867,-38.6618334,46.1888941
4.233089344,0.4681702188,-1.42828144,15.58002206,-38.65392802,46.41165293
4.233864914,0.4700385168,-1.427059997,15.27630829,-38.64677256,46.61328049
4.234543432,0.4720691775,-1.425982567,14.9962869,-38.64046076,46.79113537
4.235116782,0.4742689659,-1.425065152,14.74294741,-38.63508635,46.94257616
4.235576849,0.4766446472,-1.424323752,14.51927933,-38.63074308,47.06496145
4.235915516,0.4792029864,-1.42377437,14.3282722,-38.62752469,47.15564983
4.236124668,0.4819507488,-1.423433006,14.17291553,-38.62552491,47.21199989
4.236196189,0.4848946994,-1.423315662,14.05619886,-38.62483748,47.23137022
4.235770998,0.4884084133,-1.423921464,13.96297632,-38.6424257,47.21421425
4.234533298,0.4928220895,-1.425683918,13.87596624,-38.69364475,47.16430596
4.2325399,0.4980774286,-1.428520593,13.79495439,-38.77617628,47.0839848
4.229847615,0.5041161315,-1.43234906,13.71972656,-38.8877019,46.97559022
4.226513252,0.5108798989,-1.437086888,13.65006851,-39.02590324,46.84146169
4.222593622,0.5183104316,-1.442651647,13.58576602,-39.18846194,46.68393864
4.218145536,0.5263494302,-1.448960908,13.52660488,-39.37305961,46.50536053
4.213225805,0.5349385956,-1.45593224,13.47237086,-39.57737789,46.30806681
4.207891237,0.5440196284,-1.463483214,13.42284973,-39.7990984,46.09439693
4.202198645,0.5535342295,-1.4715314,13.37782728,-40.03590277,45.86669034
4.196204838,0.5634240995,-1.479994367,13.33708928,-40.28547263,45.6272865
4.189966627,0.5736309393,-1.488789686,13.30042151,-40.5454896,45.37852485
4.183540822,0.5840964495,-1.497834926,13.26760975,-40.81363531,45.12274485
4.176984235,0.594762331,-1.507047658,13.23843977,-41.08759139,44.86228595
4.170353674,0.6055702844,-1.516345452,13.21269736,-41.36503946,44.5994876
4.163705951,0.6164620105,-1.525645877,13.19016828,-41.64366115,44.33668924
4.157097876,0.6273792101,-1.534866504,13.17063832,-41.92113809,44.07623034
4.15058626,0.6382635839,-1.543924903,13.15389325,-42.19515191,43.82045034
4.144227912,0.6490568327,-1.552738644,13.13971886,-42.46338422,43.57168869
4.138079645,0.6597006571,-1.561225296,13.12790091,-42.72351667,43.33228485
4.132198267,0.670136758,-1.569302431,13.11822519,-42.97323088,43.10457826
4.126640589,0.6803068361,-1.576887617,13.11047747,-43.21020846,42.89090839
4.121463422,0.6901525922,-1.583898425,13.10444353,-43.43213106,42.69361467
4.116723577,0.6996157269,-1.590252425,13.09990916,-43.6366803,42.51503656
4.112477863,0.7086379411,-1.595867187,13.09666011,-43.8215378,42.35751351
4.108783091,0.7171609354,-1.600660281,13.09448218,-43.98438519,42.22338497
4.105696072,0.7251264107,-1.604549277,13.09316114,-44.1229041,42.1149904
4.103273616,0.7324760677,-1.607451744,13.09248277,-44.23477616,42.03466924
4.101572533,0.7391516071,-1.609285254,13.09223285,-44.31768299,41.98476095
4.100649635,0.7450947296,-1.609967376,13.09219714,-44.36930622,41.96760497
4.100165013,0.7505266239,-1.610041181,13.09418409,-44.40248714,41.9847498
4.099738294,0.755710341,-1.610105161,13.09996431,-44.4317844,42.03496197
4.099365587,0.7606503759,-1.610160018,13.10926686,-44.45745564,42.11640801
4.099043001,0.7653512234,-1.610206453,13.12182077,-44.47975851,42.22725446
4.098766644,0.7698173784,-1.610245168,13.13735512,-44.49895066,42.36566785
4.098532626,0.7740533356,-1.610276865,13.15559894,-44.51528974,42.52981472
4.098337055,0.7780635899,-1.610302247,13.17628129,-44.5290334,42.71786159
4.098176041,0.7818526361,-1.610322014,13.19913122,-44.54043928,42.92797499
4.098045692,0.7854249691,-1.610336868,13.22387779,-44.54976504,43.15832147
4.097942117,0.7887850838,-1.610347512,13.25025005,-44.55726832,43.40706755
4.097861425,0.7919374748,-1.610354647,13.27797704,-44.56320677,43.67237976
4.097799725,0.7948866372,-1.610358975,13.30678783,-44.56783805,43.95242464
4.097753126,0.7976370657,-1.610361197,13.33641146,-44.57141979,44.24536872
4.097717737,0.8001932551,-1.610362016,13.36657699,-44.57420965,44.54937853
4.097689666,0.8025597003,-1.610362133,13.39701346,-44.57646527,44.86262061
4.097665024,0.8047408962,-1.61036225,13.42744994,-44.57844431,45.18326149
4.097639918,0.8067413375,-1.610363069,13.45761546,-44.58040441,45.50946769
4.097610458,0.8085655192,-1.610365291,13.48723909,-44.58260323,45.83940576
4.097572752,0.810217936,-1.610369619,13.51604988,-44.5852984,46.17124222
4.097522909,0.8117030827,-1.610376754,13.54377688,-44.58874758,46.50314361
4.097457039,0.8130254543,-1.610387397,13.57014913,-44.59320843,46.83327646
4.09737125,0.8141895455,-1.610402252,13.5948957,-44.59893857,47.1598073
4.097261652,0.8151998512,-1.610422019,13.61774564,-44.60619568,47.48090267
4.097124352,0.8160608662,-1.6104474,13.63842799,-44.61523738,47.7947291
4.096955461,0.8167770854,-1.610479098,13.65667181,-44.62632134,48.09945311
4.096751086,0.8173530036,-1.610517813,13.67220615,-44.6397052,48.39324125
4.096507337,0.8177931157,-1.610564248,13.68476007,-44.6556466,48.67426004
4.096220323,0.8181019163,-1.610619105,13.69406261,-44.67440321,48.94067602
4.095886153,0.8182839006,-1.610683085,13.69984283,-44.69623266,49.19065572
4.095500935,0.8183435631,-1.61075689,13.70182978,-44.7213926,49.42236568
4.095115184,0.8183430556,-1.610857497,13.67068373,-44.75065458,49.64888791
4.094777274,0.8183395033,-1.610999327,13.58007704,-44.78436386,49.88377607
4.094480109,0.8183298612,-1.611179249,13.43425689,-44.82213871,50.1259041
4.094216593,0.8183110845,-1.611394129,13.23747048,-44.86359738,50.37414595
4.093979628,0.8182801284,-1.611640835,12.993965,-44.90835815,50.62737557
4.09376212,0.8182339479,-1.611916234,12.70798762,-44.95603926,50.88446691
4.093556969,0.8181694983,-1.612217194,12.38378555,-45.00625899,51.14429392
4.093357082,0.8180837345,-1.612540583,12.02560597,-45.0586356,51.40573053
4.093155359,0.8179736119,-1.612883268,11.63769607,-45.11278733,51.66765072
4.092944706,0.8178360855,-1.613242115,11.22430303,-45.16833247,51.92892841
4.092718025,0.8176681104,-1.613613994,10.78967405,-45.22488926,52.18843756
4.09246822,0.8174666417,-1.613995771,10.33805632,-45.28207597,52.44505212
4.092188193,0.8172286347,-1.614384314,9.873697022,-45.33951086,52.69764604
4.09187085,0.8169510444,-1.61477649,9.400843345,-45.39681219,52.94509327
4.091509092,0.816630826,-1.615169167,8.92374248,-45.45359822,53.18626774
4.091095823,0.8162649347,-1.615559212,8.446641614,-45.50948722,53.42004342
4.090623947,0.8158503254,-1.615943493,7.973787937,-45.56409745,53.64529426
4.090086368,0.8153839535,-1.616318877,7.509428638,-45.61704716,53.86089419
4.089475987,0.8148627739,-1.616682232,7.057810905,-45.66795462,54.06571717
4.08878571,0.8142837419,-1.617030425,6.623181926,-45.71643809,54.25863714
4.088008438,0.8136438126,-1.617360324,6.209788892,-45.76211582,54.43852806
4.087137077,0.8129399411,-1.617668797,5.821878989,-45.8046061,54.60426388
4.086164528,0.8121690826,-1.61795271,5.463699408,-45.84352716,54.75471853
4.085083696,0.8113281921,-1.618208931,5.139497336,-45.87849728,54.88876598
4.083887483,0.8104142249,-1.618434328,4.853519962,-45.90913471,55.00528017
4.082568794,0.809424136,-1.618625768,4.610014476,-45.93505773,55.10313504
4.081120531,0.8083548806,-1.618780118,4.413228066,-45.95588458,55.18120455
4.079535598,0.8072034138,-1.618894247,4.26740792,-45.97123353,55.23836265
4.077806899,0.8059666908,-1.618965021,4.176801227,-45.98072284,55.27348327
4.075927336,0.8046416666,-1.618989309,4.145655177,-45.98397078,55.28544038
4.073686287,0.8028525369,-1.618350873,4.177904029,-45.95638514,55.28273684
4.070906617,0.8002656884,-1.616493606,4.27171887,-45.876136,55.274872
4.067631458,0.7969413635,-1.613504566,4.422702132,-45.74698505,55.26221452
4.063903943,0.7929398044,-1.609470813,4.626456241,-45.57269396,55.24513307
4.059767207,0.7883212534,-1.604479406,4.878583629,-45.35702441,55.22399631
4.055264383,0.7831459527,-1.598617405,5.174686723,-45.10373808,55.1991729
4.050438603,0.7774741447,-1.591971869,5.510367954,-44.81659664,55.17103152
4.045333002,0.7713660715,-1.584629858,5.881229751,-44.49936178,55.13994082
4.039990713,0.7648819755,-1.576678431,6.282874542,-44.15579517,55.10626947
4.034454869,0.7580820988,-1.568204648,6.710904758,-43.78965849,55.07038613
4.028768603,0.7510266839,-1.559295567,7.160922828,-43.40471342,55.03265947
4.022975049,0.7437759728,-1.550038249,7.62853118,-43.00472164,54.99345815
4.01711734,0.736390208,-1.540519753,8.109332244,-42.59344482,54.95315083
4.01123861,0.7289296316,-1.530827138,8.59892845,-42.17464465,54.91210619
4.005381991,0.721454486,-1.521047463,9.092922227,-41.7520828,54.87069289
3.999590618,0.7140250133,-1.511267788,9.586916003,-41.32952094,54.82927958
3.993907624,0.7067014559,-1.501575173,10.07651221,-40.91072077,54.78823494
3.988376142,0.699544056,-1.492056676,10.55731327,-40.49944395,54.74792763
3.983039305,0.6926130559,-1.482799358,11.02492163,-40.09945217,54.70872631
3.977940247,0.6859686978,-1.473890278,11.4749397,-39.7145071,54.67099965
3.973122102,0.679671224,-1.465416494,11.90296991,-39.34837042,54.63511631
3.968628002,0.6737808769,-1.457465067,12.3046147,-39.00480381,54.60144496
3.96450108,0.6683578985,-1.450123056,12.6754765,-38.68756895,54.57035426
3.960784472,0.6634625313,-1.443477521,13.01115773,-38.40042752,54.54221287
3.957521308,0.6591550174,-1.43761552,13.30726083,-38.14714118,54.51738947
3.954754724,0.6554955991,-1.432624113,13.55938821,-37.93147163,54.4962527
3.952527853,0.6525445187,-1.42859036,13.76314232,-37.75718054,54.47917125
3.950883827,0.6503620185,-1.42560132,13.91412558,-37.62802959,54.46651377
3.94986578,0.6490083408,-1.423744052,14.00794043,-37.54778046,54.45864893
3.949516846,0.6485437277,-1.423105616,14.04018928,-37.52019482,54.45594539
3.949615475,0.6488294295,-1.42317325,14.02349664,-37.52934965,54.45704119
3.949902394,0.6496605621,-1.423370951,13.97493626,-37.55598188,54.46022895
3.950364155,0.6509981662,-1.423690919,13.89678438,-37.59884313,54.46535927
3.950987308,0.6528032823,-1.424125351,13.79131729,-37.656685,54.4722827
3.951758404,0.6550369512,-1.424666447,13.66081125,-37.72825913,54.48084982
3.952663993,0.6576602136,-1.425306407,13.50754253,-37.81231711,54.49091121
3.953690626,0.66063411,-1.426037428,13.33378739,-37.90761057,54.50231743
3.954824854,0.6639196811,-1.426851711,13.14182211,-38.01289111,54.51491907
3.956053228,0.6674779676,-1.427741454,12.93392295,-38.12691035,54.5285667
3.957362297,0.6712700102,-1.428698856,12.71236618,-38.24841991,54.54311088
3.958738613,0.6752568495,-1.429716116,12.47942807,-38.3761714,54.5584022
3.960168727,0.6793995261,-1.430785433,12.23738489,-38.50891643,54.57429122
3.961639189,0.6836590808,-1.431899007,11.9885129,-38.64540662,54.59062853
3.963136549,0.6879965542,-1.433049035,11.73508838,-38.78439358,54.60726468
3.964647359,0.6923729869,-1.434227718,11.47938759,-38.92462893,54.62405027
3.966158168,0.6967494196,-1.435427254,11.2236868,-39.06486428,54.64083585
3.967655529,0.7010868929,-1.436639842,10.97026228,-39.20385124,54.65747201
3.96912599,0.7053464476,-1.437857681,10.72139029,-39.34034143,54.67380931
3.970556104,0.7094891243,-1.43907297,10.47934711,-39.47308646,54.68969834
3.97193242,0.7134759635,-1.440277909,10.246409,-39.60083795,54.70498965
3.97324149,0.7172680061,-1.441464695,10.02485224,-39.72234751,54.71953384
3.974469863,0.7208262926,-1.442625529,9.816953076,-39.83636675,54.73318146
3.975604091,0.7241118638,-1.443752609,9.624987794,-39.9416473,54.7457831
3.976630725,0.7270857602,-1.444838134,9.451232658,-40.03694075,54.75718933
3.977536314,0.7297090225,-1.445874303,9.297963935,-40.12099873,54.76725072
3.978307409,0.7319426914,-1.446853316,9.167457893,-40.19257286,54.77581784
3.978930562,0.7337478076,-1.44776737,9.061990802,-40.25041474,54.78274127
3.979392323,0.7350854116,-1.448608666,8.983838928,-40.29327599,54.78787158
3.979679243,0.7359165443,-1.449369402,8.93527854,-40.31990822,54.79105935
3.979777871,0.7362022461,-1.450041777,8.918585907,-40.32906305,54.79215514
3.979768715,0.7360188098,-1.450660906,8.920216881,-40.32591202,54.78830612
3.979740092,0.7354851768,-1.451266746,8.925055847,-40.31674541,54.77698715
3.979690265,0.7346263613,-1.451858757,8.933021866,-40.30199289,54.75854038
3.9796175,0.7334673773,-1.452436397,8.944034004,-40.28208415,54.73330793
3.979520062,0.7320332387,-1.452999127,8.958011323,-40.25744887,54.70163195
3.979396216,0.7303489597,-1.453546406,8.974872886,-40.22851674,54.66385457
3.979244226,0.7284395544,-1.454077695,8.994537759,-40.19571745,54.62031794
3.979062358,0.7263300366,-1.454592452,9.016925003,-40.15948068,54.5713642
3.978848877,0.7240454206,-1.455090138,9.041953683,-40.12023611,54.51733548
3.978602047,0.7216107203,-1.455570213,9.069542862,-40.07841343,54.45857392
3.978320134,0.7190509497,-1.456032136,9.099611603,-40.03444232,54.39542166
3.978001402,0.716391123,-1.456475366,9.13207897,-39.98875248,54.32822084
3.977644117,0.7136562542,-1.456899365,9.166864027,-39.94177357,54.2573136
3.977246543,0.7108713573,-1.45730359,9.203885837,-39.8939353,54.18304208
3.976806946,0.7080614463,-1.457687503,9.243063464,-39.84566735,54.10574842
3.97632359,0.7052515353,-1.458050563,9.28431597,-39.79739939,54.02577475
3.97579474,0.7024666384,-1.458392229,9.327562421,-39.74956112,53.94346321
3.975218662,0.6997317695,-1.458711961,9.372721878,-39.70258222,53.85915595
3.97459362,0.6970719428,-1.45900922,9.419713406,-39.65689238,53.77319509
3.973917879,0.6945121723,-1.459283464,9.468456068,-39.61292127,53.68592279
3.973189704,0.692077472,-1.459534154,9.518868928,-39.57109859,53.59768118
3.97240736,0.6897928559,-1.45976075,9.570871049,-39.53185402,53.50881239
3.971569112,0.6876833382,-1.45996271,9.624381495,-39.49561725,53.41965858
3.970673225,0.6857739328,-1.460139495,9.679319329,-39.46281795,53.33056186
3.969717964,0.6840896539,-1.460290565,9.735603615,-39.43388583,53.2418644
3.968701594,0.6826555153,-1.460415379,9.793153416,-39.40925055,53.15390831
3.96762238,0.6814965313,-1.460513397,9.851887796,-39.38934181,53.06703575
3.966478586,0.6806377157,-1.460584079,9.911725818,-39.37458929,52.98158885
3.965268479,0.6801040828,-1.460626884,9.972586545,-39.36542267,52.89790975
3.963990322,0.6799206465,-1.460641272,10.03438904,-39.36227165,52.81634058
3.962558359,0.6799546749,-1.460591476,10.09795868,-39.36228655,52.73589547
3.960900815,0.6800536668,-1.460446615,10.16410745,-39.36237017,52.65529979
3.95903693,0.6802129818,-1.460213478,10.23273437,-39.36258092,52.57446256
3.956985941,0.6804279797,-1.459898857,10.30373843,-39.36297718,52.49329282
3.954767087,0.6806940203,-1.459509541,10.37701865,-39.36361734,52.41169959
3.952399607,0.6810064634,-1.459052322,10.45247404,-39.3645598,52.32959191
3.949902738,0.6813606686,-1.458533989,10.53000359,-39.36586295,52.2468788
3.947295721,0.6817519958,-1.457961333,10.60950633,-39.36758518,52.16346929
3.944597792,0.6821758047,-1.457341144,10.69088125,-39.36978489,52.07927241
3.941828191,0.682627455,-1.456680213,10.77402735,-39.37252046,51.99419719
3.939006157,0.6831023065,-1.455985331,10.85884366,-39.3758503,51.90815266
3.936150926,0.6835957191,-1.455263286,10.94522917,-39.37983278,51.82104785
3.933281739,0.6841030523,-1.45452087,11.03308289,-39.38452632,51.73279179
3.930417834,0.6846196661,-1.453764874,11.12230383,-39.38998929,51.6432935
3.927578449,0.68514092,-1.453002087,11.212791,-39.39628009,51.55246202
3.924782822,0.685662174,-1.4522393,11.30444339,-39.40345712,51.46020637
3.922050193,0.6861787878,-1.451483304,11.39716003,-39.41157876,51.36643559
3.919399799,0.686686121,-1.450740888,11.49083991,-39.42070341,51.2710587
3.916850879,0.6871795335,-1.450018844,11.58538204,-39.43088946,51.17398473
3.914422673,0.6876543851,-1.449323961,11.68068543,-39.44219531,51.07512272
3.912134417,0.6881060354,-1.44866303,11.77664909,-39.45467934,50.97438168
3.910005351,0.6885298443,-1.448042841,11.87317202,-39.46839995,50.87167066
3.908054713,0.6889211715,-1.447470185,11.97015323,-39.48341554,50.76689867
3.906301742,0.6892753767,-1.446951853,12.06749172,-39.49978448,50.65997476
3.904765677,0.6895878197,-1.446494633,12.16508651,-39.51756519,50.55080794
3.903465755,0.6898538603,-1.446105318,12.2628366,-39.53681604,50.43930724
3.902421215,0.6900688583,-1.445790697,12.36064099,-39.55759544,50.3253817
3.901651296,0.6902281733,-1.44555756,12.4583987,-39.57996177,50.20894035
3.901175237,0.6903271652,-1.445412698,12.55600873,-39.60397343,50.08989221
3.901012275,0.6903611936,-1.445362902,12.65337008,-39.62968881,49.96814631
3.901144862,0.690288255,-1.445565736,12.75467393,-39.65821806,49.83829795
3.901533234,0.690074554,-1.446156047,12.86365873,-39.69044574,49.69580083
3.902163306,0.6897277627,-1.447106547,12.9795444,-39.72609182,49.54185159
3.903020995,0.6892555532,-1.448389952,13.10155086,-39.76487627,49.37764686
3.904092215,0.6886655977,-1.449978973,13.22889804,-39.80651907,49.20438329
3.905362882,0.6879655684,-1.451846324,13.36080586,-39.85074018,49.02325751
3.906818912,0.6871631373,-1.45396472,13.49649425,-39.89725958,48.83546615
3.908446221,0.6862659766,-1.456306873,13.63518313,-39.94579726,48.64220587
3.910230724,0.6852817584,-1.458845496,13.77609243,-39.99607316,48.44467329
3.912158337,0.6842181549,-1.461553303,13.91844207,-40.04780729,48.24406505
3.914214975,0.6830828382,-1.464403008,14.06145197,-40.1007196,48.04157779
3.916386555,0.6818834805,-1.467367324,14.20434207,-40.15453007,47.83840815
3.918658991,0.6806277538,-1.470418964,14.34633228,-40.20895867,47.63575277
3.9210182,0.6793233304,-1.473530642,14.48664253,-40.26372538,47.43480828
3.923450097,0.6779778823,-1.476675071,14.62449274,-40.31855017,47.23677133
3.925940597,0.6765990817,-1.479824965,14.75910284,-40.37315302,47.04283854
3.928475617,0.6751946007,-1.482953037,14.88969276,-40.42725389,46.85420656
3.931041072,0.6737721115,-1.486032,15.01548241,-40.48057277,46.67207203
3.933622878,0.6723392862,-1.489034568,15.13569172,-40.53282962,46.49763158
3.93620695,0.670903797,-1.491933454,15.24954062,-40.58374442,46.33208185
3.938779204,0.6694733159,-1.494701373,15.35624903,-40.63303714,46.17661948
3.941325556,0.6680555152,-1.497311036,15.45503688,-40.68042776,46.03244111
3.94383192,0.6666580669,-1.499735157,15.54512408,-40.72563625,45.90074338
3.946284214,0.6652886432,-1.501946451,15.62573057,-40.76838258,45.78272292
3.948668352,0.6639549162,-1.50391763,15.69607627,-40.80838673,45.67957636
3.95097025,0.6626645581,-1.505621408,15.7553811,-40.84536868,45.59250036
3.953175824,0.6614252409,-1.507030499,15.80286499,-40.87904838,45.52269154
3.95527099,0.660244637,-1.508117614,15.83774786,-40.90914582,45.47134655
3.957241663,0.6591304183,-1.508855469,15.85924964,-40.93538098,45.43966202
3.959073758,0.658090257,-1.509216777,15.86659025,-40.95747382,45.42883459
3.960871187,0.6570647864,-1.509375311,15.86285014,-40.97674526,45.43356151
3.962741012,0.6559933041,-1.50952328,15.85181318,-40.99473244,45.44741114
3.964673876,0.6548814792,-1.509661049,15.83375444,-41.01147962,45.46988682
3.966660422,0.6537349803,-1.509788982,15.80894898,-41.02703111,45.50049188
3.968691293,0.6525594764,-1.509907442,15.77767185,-41.04143118,45.53872964
3.970757132,0.6513606364,-1.510016795,15.74019811,-41.05472412,45.58410345
3.972848581,0.6501441291,-1.510117404,15.69680284,-41.06695422,45.63611662
3.974956283,0.6489156234,-1.510209635,15.64776107,-41.07816576,45.69427249
3.977070881,0.6476807881,-1.51029385,15.59334789,-41.08840302,45.75807439
3.979183019,0.6464452922,-1.510370416,15.53383834,-41.09771029,45.82702565
3.981283339,0.6452148044,-1.510439695,15.46950749,-41.10613186,45.9006296
3.983362483,0.6439949937,-1.510502052,15.4006304,-41.11371201,45.97838957
3.985411095,0.6427915288,-1.510557852,15.32748213,-41.12049503,46.05980889
3.987419818,0.6416100788,-1.510607458,15.25033773,-41.1265252,46.1443909
3.989379293,0.6404563124,-1.510651236,15.16947227,-41.1318468,46.23163891
3.991280166,0.6393358985,-1.510689549,15.08516082,-41.13650413,46.32105626
3.993113077,0.638254506,-1.510722761,14.99767842,-41.14054147,46.41214629
3.99486867,0.6372178037,-1.510751238,14.90730014,-41.14400309,46.50441232
3.996537589,0.6362314605,-1.510775343,14.81430104,-41.1469333,46.59735768
3.998110475,0.6353011453,-1.510795441,14.71895618,-41.14937636,46.69048571
3.999577971,0.6344325269,-1.510811895,14.62154062,-41.15137658,46.78329973
4.000930721,0.6336312742,-1.510825071,14.52232943,-41.15297823,46.87530307
4.002159368,0.6329030561,-1.510835332,14.42159765,-41.15422559,46.96599906
4.003254553,0.6322535414,-1.510843043,14.31962036,-41.15516296,47.05489104
4.004206921,0.631688399,-1.510848569,14.21667261,-41.15583462,47.14148234
4.005007113,0.6312132978,-1.510852272,14.11302946,-41.15628486,47.22527628
4.005645774,0.6308339066,-1.510854519,14.00896597,-41.15655795,47.30577619
4.006113544,0.6305558943,-1.510855673,13.90475721,-41.15669818,47.38248541
4.006401069,0.6303849297,-1.510856098,13.80067823,-41.15674985,47.45490727
4.00649899,0.6303266818,-1.510856158,13.69700409,-41.15675723,47.52254509
4.005951995,0.6304390076,-1.510694283,13.5913586,-41.15193567,47.58487104
4.004360739,0.6307657736,-1.510221432,13.48135185,-41.13784486,47.64204663
4.00179981,0.6312916626,-1.509456769,13.36723836,-41.11504563,47.69460925
3.998343799,0.6320013574,-1.508419455,13.24927262,-41.0840988,47.74309625
3.994067296,0.632879541,-1.507128652,13.12770914,-41.04556521,47.78804502
3.989044892,0.6339108961,-1.505603524,13.00280243,-41.00000567,47.82999292
3.983351177,0.6350801056,-1.503863233,12.874807,-40.94798102,47.86947732
3.97706074,0.6363718524,-1.501926941,12.74397735,-40.89005207,47.90703561
3.970248172,0.6377708192,-1.49981381,12.61056799,-40.82677965,47.94320514
3.962988063,0.639261689,-1.497543004,12.47483342,-40.75872459,47.9785233
3.955355003,0.6408291446,-1.495133684,12.33702816,-40.68644772,48.01352745
3.947423582,0.6424578687,-1.492605013,12.1974067,-40.61050985,48.04875496
3.939268392,0.6441325444,-1.489976154,12.05622355,-40.53147181,48.08474321
3.93096402,0.6458378543,-1.487266268,11.91373322,-40.44989443,48.12202957
3.922585059,0.6475584815,-1.484494519,11.77019022,-40.36633854,48.16115141
3.914206098,0.6492791086,-1.481680068,11.62584906,-40.28136495,48.2026461
3.905901726,0.6509844185,-1.478842078,11.48096423,-40.1955345,48.24705102
3.897746535,0.6526590942,-1.475999712,11.33579024,-40.10940801,48.29490353
3.889815115,0.6542878183,-1.473172133,11.19058161,-40.0235463,48.34674101
3.882182055,0.6558552739,-1.470378501,11.04559283,-39.9385102,48.40310083
3.874921946,0.6573461437,-1.467637981,10.90107842,-39.85486054,48.46452036
3.868109378,0.6587451105,-1.464969734,10.75729287,-39.77315813,48.53153697
3.861818941,0.6600368573,-1.462392922,10.6144907,-39.69396382,48.60468804
3.856125226,0.6612060668,-1.459926709,10.47292642,-39.61783841,48.68451094
3.851102822,0.6622374219,-1.457590257,10.33285452,-39.54534274,48.77154303
3.846826319,0.6631156055,-1.455402728,10.19452952,-39.47703763,48.8663217
3.843370308,0.6638253004,-1.453383284,10.05820592,-39.41348391,48.9693843
3.840809379,0.6643511894,-1.451551088,9.924138228,-39.3552424,49.08126822
3.839218123,0.6646779553,-1.449925303,9.79258095,-39.30287393,49.20251083
3.838671128,0.6647902811,-1.448525091,9.663788591,-39.25693932,49.33364949
3.838810764,0.6646013804,-1.44728067,9.535386714,-39.21507159,49.47708189
3.839218994,0.6640518509,-1.446108098,9.405012449,-39.17453403,49.63420792
3.839879803,0.6631674518,-1.445005293,9.272937658,-39.13533289,49.80406824
3.840777176,0.6619739424,-1.443970172,9.139434202,-39.09747444,49.98570353
3.841895098,0.6604970819,-1.443000653,9.004773942,-39.06096491,50.17815448
3.843217553,0.6587626294,-1.442094655,8.86922874,-39.02581056,50.38046175
3.844728526,0.6567963442,-1.441250095,8.733070456,-38.99201764,50.59166603
3.846412001,0.6546239854,-1.440464892,8.596570952,-38.9595924,50.81080799
3.848251964,0.6522713122,-1.439736964,8.46000209,-38.9285411,51.03692831
3.850232398,0.6497640839,-1.439064229,8.323635729,-38.89886998,51.26906767
3.85233729,0.6471280596,-1.438444605,8.187743733,-38.87058529,51.50626673
3.854550622,0.6443889985,-1.43787601,8.052597961,-38.84369329,51.74756618
3.856856381,0.6415726598,-1.437356362,7.918470275,-38.81820023,51.9920067
3.85923855,0.6387048027,-1.436883579,7.785632536,-38.79411235,52.23862896
3.861681115,0.6358111864,-1.436455579,7.654356606,-38.77143592,52.48647364
3.86416806,0.6329175702,-1.43607028,7.524914345,-38.75017718,52.73458141
3.86668337,0.6300497131,-1.435725601,7.397577616,-38.73034238,52.98199295
3.869211029,0.6272333744,-1.435419459,7.272618278,-38.71193777,53.22774894
3.871735022,0.6244943133,-1.435149773,7.150308194,-38.69496961,53.47089005
3.874239334,0.621858289,-1.43491446,7.030919225,-38.67944415,53.71045697
3.87670795,0.6193510606,-1.434711439,6.914723231,-38.66536763,53.94549036
3.879124854,0.6169983875,-1.434538628,6.801992075,-38.65274631,54.17503091
3.881474031,0.6148260287,-1.434393944,6.692997617,-38.64158644,54.39811929
3.883739465,0.6128597434,-1.434275306,6.588011718,-38.63189427,54.61379618
3.885905142,0.6111252909,-1.434180633,6.487306241,-38.62367605,54.82110225
3.887955045,0.6096484304,-1.434107841,6.391153045,-38.61693804,55.01907818
3.889873161,0.608454921,-1.434054849,6.299823992,-38.61168648,55.20676465
3.891643472,0.607570522,-1.434019575,6.213590944,-38.60792763,55.38320234
3.893249965,0.6070209925,-1.433999938,6.132725761,-38.60566773,55.54743191
3.894676623,0.6068320917,-1.433993855,6.057500306,-38.60491304,55.69849405
3.895933364,0.6069607642,-1.434068779,5.989898849,-38.60616826,55.83685413
3.897048615,0.6073368087,-1.434289126,5.931294485,-38.60989911,55.96410419
3.898034132,0.6079452656,-1.434648255,5.881042314,-38.61605344,56.08097496
3.89890167,0.6087711755,-1.43513953,5.838497434,-38.62457905,56.18819716
3.899662983,0.6097995787,-1.435756309,5.803014941,-38.63542378,56.28650151
3.900329826,0.6110155158,-1.436491954,5.773949934,-38.64853544,56.37661874
3.900913953,0.6124040272,-1.437339827,5.750657511,-38.66386187,56.45927956
3.90142712,0.6139501533,-1.438293287,5.732492771,-38.68135087,56.53521469
3.901881081,0.6156389347,-1.439345697,5.71881081,-38.70095029,56.60515486
3.902287591,0.6174554117,-1.440490416,5.708966727,-38.72260794,56.66983079
3.902658405,0.6193846249,-1.441720806,5.70231562,-38.74627164,56.72997319
3.903005277,0.6214116147,-1.443030228,5.698212587,-38.77188921,56.7863128
3.903339961,0.6235214216,-1.444412042,5.696012725,-38.79940849,56.83958032
3.903674214,0.6256990861,-1.44585961,5.695071133,-38.8287773,56.89050648
3.904019788,0.6279296486,-1.447366293,5.694742909,-38.85994345,56.93982201
3.90438844,0.6301981495,-1.448925451,5.694383151,-38.89285477,56.98825762
3.904791924,0.6324896293,-1.450530445,5.693346956,-38.92745909,57.03654403
3.905241994,0.6347891286,-1.452174637,5.690989423,-38.96370423,57.08541197
3.905750405,0.6370816877,-1.453851387,5.68666565,-39.00153801,57.13559215
3.906328913,0.6393523472,-1.455554056,5.679730733,-39.04090826,57.1878153
3.906989271,0.6415861474,-1.457276005,5.669539773,-39.08176279,57.24281214
3.907743234,0.6437681289,-1.459010595,5.655447866,-39.12404944,57.30131339
3.908602557,0.6458833321,-1.460751187,5.63681011,-39.16771602,57.36404977
3.909578996,0.6479167975,-1.462491143,5.612981603,-39.21271036,57.431752
3.910684303,0.6498535655,-1.464223822,5.583317444,-39.25898029,57.5051508
3.911930235,0.6516786766,-1.465942586,5.54717273,-39.30647362,57.5849769
3.913328546,0.6533771713,-1.467640795,5.50390256,-39.35513818,57.67196101
3.91489099,0.65493409,-1.469311811,5.45286203,-39.40492179,57.76683386
3.916629323,0.6563344732,-1.470948995,5.39340624,-39.45577229,57.87032616
3.918555299,0.6575633614,-1.472545707,5.324890287,-39.50763748,57.98316864
3.92076427,0.6586809836,-1.474193027,5.238246351,-39.56320168,58.10879238
3.923323847,0.659757832,-1.475977713,5.126164177,-39.62484373,58.24924812
3.926204167,0.6607943414,-1.477886643,4.990635214,-39.69205323,58.40319604
3.929375368,0.6617909468,-1.479906697,4.83365091,-39.76431979,58.56929634
3.932807589,0.6627480833,-1.482024756,4.657202712,-39.841133,58.74620919
3.936470969,0.6636661857,-1.484227697,4.463282069,-39.92198248,58.93259479
3.940335646,0.6645456891,-1.486502401,4.253880428,-40.00635783,59.12711333
3.944371758,0.6653870283,-1.488835747,4.030989238,-40.09374866,59.32842499
3.948549444,0.6661906384,-1.491214614,3.796599945,-40.18364456,59.53518997
3.952838842,0.6669569544,-1.493625882,3.552703998,-40.27553515,59.74606844
3.957210091,0.6676864111,-1.49605643,3.301292846,-40.36891003,59.9597206
3.961633328,0.6683794436,-1.498493137,3.044357935,-40.4632588,60.17480664
3.966078694,0.6690364868,-1.500922884,2.783890714,-40.55807107,60.38998674
3.970516325,0.6696579757,-1.503332548,2.52188263,-40.65283645,60.6039211
3.974916361,0.6702443452,-1.505709011,2.260325132,-40.74704453,60.81526989
3.979248939,0.6707960303,-1.50803915,2.001209668,-40.84018492,61.02269331
3.983484199,0.671313466,-1.510309847,1.746527684,-40.93174723,61.22485156
3.987592278,0.6717970872,-1.512507979,1.49827063,-41.02122107,61.4204048
3.991543316,0.6722473289,-1.514620426,1.258429953,-41.10809603,61.60801324
3.99530745,0.6726646261,-1.516634068,1.028997101,-41.19186173,61.78633706
3.998854819,0.6730494137,-1.518535784,0.811963522,-41.27200776,61.95403645
4.002155561,0.6734021267,-1.520312454,0.6093206636,-41.34802373,62.10977159
4.005179816,0.6737232,-1.521950957,0.4230599739,-41.41939925,62.25220268
4.00789772,0.6740130686,-1.523438172,0.2551729007,-41.48562392,62.37998991
4.010279413,0.6742721675,-1.524760978,0.107650892,-41.54618735,62.49179345
4.012295034,0.6745009317,-1.525906256,-0.01751460435,-41.60057914,62.5862735
4.01391472,0.674699796,-1.526860885,-0.1183321404,-41.64828889,62.66209026
4.01510861,0.6748691956,-1.527611743,-0.1928102684,-41.68880622,62.71790389
4.015846843,0.6750095652,-1.528145711,-0.2389575403,-41.72162072,62.75237461
4.016099556,0.6751213399,-1.528449667,-0.2547825082,-41.746222,62.76416258
4.015821021,0.6752157443,-1.528622213,-0.2441780121,-41.76587658,62.7472519
4.015010738,0.6753038574,-1.528771789,-0.2132941834,-41.78422135,62.69801173
4.01370669,0.6753858963,-1.528900036,-0.1635255119,-41.80130149,62.61867989
4.011946857,0.6754620778,-1.529008594,-0.09626648728,-41.81716216,62.51149419
4.009769222,0.6755326189,-1.529099106,-0.01291159915,-41.83184852,62.37869245
4.007211767,0.6755977366,-1.52917321,0.0851446628,-41.84540574,62.22251247
4.004312474,0.6756576477,-1.529232548,0.1965078089,-41.85787899,62.04519207
4.001109325,0.6757125693,-1.529278761,0.3197833495,-41.86931342,61.84896907
3.997640301,0.6757627182,-1.529313489,0.4535767949,-41.87975421,61.63608127
3.993943386,0.6758083114,-1.529338373,0.5964936554,-41.88924652,61.40876649
3.990056561,0.6758495659,-1.529355053,0.7471394413,-41.89783552,61.16926255
3.986017808,0.6758866985,-1.52936517,0.9041196631,-41.90556638,60.91980725
3.981865109,0.6759199262,-1.529370366,1.066039831,-41.91248425,60.66263842
3.977636445,0.675949466,-1.52937228,1.231505455,-41.9186343,60.39999385
3.9733698,0.6759755347,-1.529372553,1.399122046,-41.92406171,60.13411137
3.969103155,0.6759983494,-1.529372827,1.567495115,-41.92881163,59.8672288
3.964874492,0.676018127,-1.529374741,1.73523017,-41.93292923,59.60158393
3.960721792,0.6760350843,-1.529379937,1.900932724,-41.93645967,59.33941459
3.956683039,0.6760494384,-1.529390054,2.063208285,-41.93944813,59.08295859
3.952796214,0.6760614062,-1.529406734,2.220662365,-41.94193977,58.83445375
3.949099299,0.6760712046,-1.529431618,2.371900474,-41.94397975,58.59613787
3.945630276,0.6760790505,-1.529466346,2.515528121,-41.94561324,58.37024876
3.942427127,0.6760851609,-1.529512559,2.650150819,-41.94688541,58.15902425
3.939527834,0.6760897528,-1.529571897,2.774374075,-41.94784142,57.96470215
3.936970378,0.676093043,-1.529646001,2.886803402,-41.94852643,57.78952027
3.934792744,0.6760952486,-1.529736513,2.98604431,-41.94898561,57.63571641
3.933032911,0.6760965864,-1.529845071,3.070702308,-41.94926413,57.50552841
3.931728862,0.6760972733,-1.529973318,3.139382907,-41.94940716,57.40119406
3.930918579,0.6760975264,-1.530122894,3.190691617,-41.94945985,57.32495118
3.930640044,0.6760975626,-1.53029544,3.223233949,-41.94946738,57.27903759
3.930647514,0.6760741556,-1.530536173,3.245180191,-41.94944661,57.25002357
3.930669375,0.6760060626,-1.530883832,3.26566391,-41.94938619,57.22294307
3.930704801,0.6758964755,-1.53133034,3.284735538,-41.94928896,57.19772943
3.93075297,0.6757485861,-1.531867621,3.302445507,-41.94915773,57.17431597
3.930813058,0.6755655862,-1.532487597,3.31884425,-41.94899536,57.15263602
3.930884239,0.6753506677,-1.533182191,3.333982197,-41.94880466,57.1326229
3.93096569,0.6751070225,-1.533943326,3.347909781,-41.94858848,57.11420994
3.931056586,0.6748378425,-1.534762925,3.360677434,-41.94834964,57.09733047
3.931156105,0.6745463194,-1.535632911,3.372335587,-41.94809097,57.08191781
3.931263421,0.6742356452,-1.536545207,3.382934671,-41.94781531,57.0679053
3.93137771,0.6739090117,-1.537491736,3.39252512,-41.94752549,57.05522625
3.931498148,0.6735696108,-1.53846442,3.401157364,-41.94722435,57.04381399
3.931623912,0.6732206343,-1.539455183,3.408881836,-41.9469147,57.03360185
3.931754177,0.672865274,-1.540455947,3.415748967,-41.94659939,57.02452316
3.931888118,0.6725067219,-1.541458636,3.421809189,-41.94628125,57.01651125
3.932024913,0.6721481698,-1.542455173,3.427112934,-41.94596311,57.00949943
3.932163736,0.6717928096,-1.543437479,3.431710634,-41.94564781,57.00342105
3.932303763,0.6714438331,-1.544397479,3.43565272,-41.94533816,56.99820941
3.932444172,0.6711044322,-1.545327096,3.438989625,-41.94503701,56.99379786
3.932584136,0.6707777987,-1.546218251,3.441771779,-41.94474719,56.99011971
3.932722832,0.6704671245,-1.547062868,3.444049616,-41.94447154,56.9871083
3.932859437,0.6701756014,-1.547852871,3.445873566,-41.94421287,56.98469695
3.932993125,0.6699064213,-1.548580181,3.447294062,-41.94397403,56.98281898
3.933123074,0.6696627761,-1.549236723,3.448361536,-41.94375784,56.98140773
3.933248458,0.6694478577,-1.549814418,3.449126418,-41.94356715,56.98039651
3.933368453,0.6692648578,-1.55030519,3.449639141,-41.94340477,56.97971867
3.933482236,0.6691169684,-1.550700961,3.449950137,-41.94327355,56.97930752
3.933588983,0.6690073812,-1.550993655,3.450109838,-41.94317632,56.97909638
3.933687869,0.6689392883,-1.551175195,3.450168675,-41.9431159,56.9790186
3.933778069,0.6689158813,-1.551237503,3.450177081,-41.94309513,56.97900749
3.933857438,0.6689532538,-1.55116144,3.43829008,-41.9506682,56.98429035
3.933924977,0.6690557267,-1.550952881,3.405696693,-41.97143306,56.99877562
3.933981586,0.6692088333,-1.55064127,3.356998338,-42.0024582,57.02041831
3.934028166,0.6693981068,-1.550256049,3.296796434,-42.04081212,57.04717346
3.934065615,0.6696090805,-1.549826663,3.229692401,-42.08356331,57.07699607
3.934094834,0.6698272875,-1.549382556,3.160287658,-42.12778025,57.10784117
3.934116723,0.6700382612,-1.54895317,3.093183625,-42.17053143,57.13766379
3.934132181,0.6702275347,-1.548567949,3.032981721,-42.20888535,57.16441893
3.934142108,0.6703806413,-1.548256338,2.984283366,-42.23991049,57.18606163
3.934147405,0.6704831142,-1.548047779,2.951689978,-42.26067535,57.20054689
3.93414897,0.6705204867,-1.547971716,2.939802978,-42.26824842,57.20582976
3.93414897,0.6705204867,-1.547971716,2.939802978,-42.26824842,57.20582976
