T1P1T09_ope_data.tx,T1P1T09_ope_data.ty,T1P1T09_ope_data.tz,T1P1T09_ope_data.rx,T1P1T09_ope_data.ry,T1P1T09_ope_data.rz
0.02244250481,1.612373728,-1.838038072,12.9506881,2.011461494,19.01247967
0.02165276985,1.611469349,-1.838038988,12.95092442,2.014862546,19.01402833
0.01939843549,1.608887758,-1.838045398,12.95159902,2.024571006,19.01844902
0.01585180756,1.604826274,-1.838062798,12.95266034,2.039844824,19.02540387
0.01118519185,1.599482217,-1.83809668,12.95405681,2.059941954,19.03455498
0.005570894189,1.593052905,-1.838152541,12.95573687,2.084120346,19.04556448
-0.0008187796208,1.585735657,-1.838235874,12.95764895,2.111637955,19.05809447
-0.007811523768,1.577727793,-1.838352174,12.95974151,2.14175273,19.07180706
-0.01523503244,1.569226631,-1.838506935,12.96196297,2.173722625,19.08636438
-0.02291699983,1.560429491,-1.838705653,12.96426177,2.206805592,19.10142852
-0.03068512013,1.551533691,-1.83895382,12.96658635,2.240259583,19.11666161
-0.03836708751,1.54273655,-1.839256933,12.96888515,2.27334255,19.13172576
-0.04579059619,1.534235388,-1.839620485,12.97110661,2.305312445,19.14628307
-0.05278334033,1.526227524,-1.84004997,12.97319917,2.335427221,19.15999567
-0.05917301414,1.518910277,-1.840550884,12.97511125,2.362944829,19.17252566
-0.06478731181,1.512480965,-1.841128721,12.97679131,2.387123222,19.18353515
-0.06945392751,1.507136907,-1.841788975,12.97818778,2.407220351,19.19268627
-0.07300055545,1.503075424,-1.842537141,12.9792491,2.422494169,19.19964112
-0.0752548898,1.500493833,-1.843378713,12.9799237,2.432202629,19.20406181
-0.07604462477,1.499589454,-1.844319186,12.98016002,2.435603682,19.20561046
-0.07571696175,1.499589943,-1.845566337,12.97824662,2.430642329,19.1948839
-0.07476376025,1.499593366,-1.847304829,12.97268037,2.415976225,19.16358379
-0.07322970158,1.499602656,-1.849505488,12.96372217,2.391932299,19.11302951
-0.07115946706,1.499620748,-1.852139137,12.95163296,2.35883748,19.04454042
-0.06859773802,1.499650576,-1.855176603,12.93667365,2.317018697,18.95943588
-0.06558919578,1.499695072,-1.85858871,12.91910515,2.26680288,18.85903527
-0.06217852165,1.499757172,-1.862346283,12.89918839,2.208516957,18.74465795
-0.05841039696,1.499839808,-1.866420146,12.87718428,2.142487859,18.61762329
-0.05432950302,1.499945915,-1.870781125,12.85335375,2.069042514,18.47925065
-0.04998052116,1.500078426,-1.875400044,12.82795771,1.988507852,18.33085941
-0.0454081327,1.500240276,-1.880247729,12.80125707,1.901210802,18.17376892
-0.04065701896,1.500434398,-1.885295004,12.77351276,1.807478293,18.00929856
-0.03577186126,1.500663726,-1.890512694,12.7449857,1.707637255,17.8387677
-0.03079734091,1.500931194,-1.895871623,12.7159368,1.602014617,17.66349569
-0.02577813925,1.501239736,-1.901342618,12.68662698,1.490937308,17.48480191
-0.02075893758,1.501592285,-1.906896502,12.65731716,1.374732258,17.30400573
-0.01578441723,1.501991775,-1.9125041,12.62826827,1.253726396,17.12242651
-0.01089925953,1.502441141,-1.918136238,12.5997412,1.128246651,16.94138362
-0.006148145788,1.502943315,-1.92376374,12.57199689,0.9986199527,16.76219643
-0.001575757327,1.503501233,-1.929357431,12.54529626,0.8651732301,16.58618429
0.002773224531,1.504117827,-1.934888136,12.51990022,0.7282334125,16.41466659
0.006854118467,1.504796032,-1.94032668,12.49606968,0.5881274294,16.24896269
0.01062224316,1.505538781,-1.945643887,12.47406557,0.4451822101,16.09039195
0.01403291729,1.506349008,-1.950810583,12.45414881,0.2997246837,15.94027374
0.01704145953,1.507229647,-1.955797592,12.43658032,0.1520817797,15.79992743
0.01960318857,1.508183632,-1.960575739,12.421621,0.00258042728,15.67067239
0.02167342309,1.509213897,-1.96511585,12.40953179,-0.1484524442,15.55382798
0.02320748176,1.510323375,-1.969388748,12.4005736,-0.3006899054,15.45071356
0.02416068326,1.511515001,-1.97336526,12.39500734,-0.4538050271,15.36264852
0.02448834628,1.512791708,-1.977016209,12.39309394,-0.60747088,15.29095221
0.02445140206,1.514171032,-1.980470565,12.3940298,-0.7628731108,15.22851306
0.02434148623,1.515665497,-1.983877848,12.39679532,-0.9213384819,15.16733508
0.02415997407,1.517270521,-1.987239705,12.40132741,-1.082751737,15.10741104
0.02390824082,1.518981517,-1.990557787,12.40756297,-1.24699762,15.0487337
0.02358766174,1.520793903,-1.993833742,12.41543891,-1.413960875,14.99129581
0.02319961209,1.522703095,-1.997069217,12.42489215,-1.583526246,14.93509014
0.02274546713,1.524704509,-2.000265864,12.43585958,-1.755578477,14.88010944
0.02222660212,1.526793559,-2.003425329,12.44827813,-1.930002311,14.82634648
0.02164439231,1.528965664,-2.006549262,12.46208469,-2.106682492,14.773794
0.02100021296,1.531216238,-2.009639312,12.47721618,-2.285503764,14.72244479
0.02029543934,1.533540697,-2.012697128,12.4936095,-2.466350872,14.67229158
0.0195314467,1.535934458,-2.015724358,12.51120156,-2.649108558,14.62332715
0.01870961029,1.538392937,-2.018722651,12.52992928,-2.833661567,14.57554425
0.01783130537,1.540911549,-2.021693656,12.54972955,-3.019894643,14.52893564
0.01689790721,1.543485711,-2.024639021,12.57053929,-3.207692529,14.48349408
0.01591079107,1.546110838,-2.027560396,12.5922954,-3.39693997,14.43921233
0.01487133219,1.548782347,-2.030459429,12.6149348,-3.587521709,14.39608315
0.01378090584,1.551495653,-2.03333777,12.63839439,-3.77932249,14.3540993
0.01264088727,1.554246173,-2.036197066,12.66261108,-3.972227057,14.31325354
0.01145265175,1.557029323,-2.039038967,12.68752178,-4.166120154,14.27353862
0.01021757453,1.559840518,-2.041865121,12.71306339,-4.360886525,14.23494731
0.008937030867,1.562675174,-2.044677178,12.73917283,-4.556410913,14.19747237
0.007612396024,1.565528709,-2.047476786,12.765787,-4.752578063,14.16110656
0.006245045258,1.568396536,-2.050265593,12.79284282,-4.949272718,14.12584263
0.004836353825,1.571274074,-2.05304525,12.82027718,-5.146379622,14.09167335
0.003387696984,1.574156737,-2.055817404,12.84802701,-5.343783519,14.05859148
0.001900449994,1.577039941,-2.058583704,12.8760292,-5.541369154,14.02658976
0.0003759881115,1.579919103,-2.061345799,12.90422066,-5.739021269,13.99566098
-0.001184313404,1.582789639,-2.064105338,12.93253831,-5.936624608,13.96579787
-0.002779079296,1.585646964,-2.066863969,12.96091905,-6.134063916,13.93699321
-0.004406934305,1.588486494,-2.069623342,12.98929979,-6.331223937,13.90923975
-0.006066503173,1.591303647,-2.072385106,13.01761744,-6.527989414,13.88253026
-0.007756410643,1.594093837,-2.075150908,13.0458089,-6.724245091,13.85685748
-0.009475281456,1.59685248,-2.077922398,13.07381109,-6.919875712,13.83221419
-0.01122174035,1.599574993,-2.080701225,13.10156092,-7.11476602,13.80859313
-0.01299441208,1.602256792,-2.083489037,13.12899528,-7.308800761,13.78598708
-0.01479192137,1.604893292,-2.086287484,13.1560511,-7.501864677,13.76438879
-0.01661289298,1.60747991,-2.089098213,13.18266527,-7.693842512,13.74379101
-0.01845595164,1.610012061,-2.091922874,13.20877471,-7.884619011,13.72418652
-0.02031972209,1.612485162,-2.094763116,13.23431632,-8.074078917,13.70556806
-0.02220282908,1.614894629,-2.097620588,13.25922702,-8.262106974,13.6879284
-0.02410389735,1.617235877,-2.100496937,13.28344371,-8.448587926,13.67126029
-0.02602155164,1.619504323,-2.103393814,13.3069033,-8.633406517,13.65555651
-0.02795441669,1.621695382,-2.106312866,13.3295427,-8.81644749,13.6408098
-0.02990111725,1.623804471,-2.109255743,13.35129881,-8.99759559,13.62701292
-0.03186027805,1.625827006,-2.112224094,13.37210855,-9.17673556,13.61415864
-0.03383052384,1.627758402,-2.115219567,13.39190882,-9.353752145,13.60223972
-0.03581047936,1.629594076,-2.11824381,13.41063653,-9.528530087,13.59124891
-0.03779876935,1.631329443,-2.121298474,13.4282286,-9.700954132,13.58117897
-0.03979401856,1.63295992,-2.124385206,13.44462192,-9.870909022,13.57202266
-0.04179485172,1.634480923,-2.127505655,13.45975341,-10.0382795,13.56377275
-0.04379989358,1.635887867,-2.130661471,13.47355997,-10.20295032,13.55642199
-0.04580776888,1.637176168,-2.133854301,13.48597851,-10.36480621,13.54996315
-0.04781710237,1.638341244,-2.137085796,13.49694595,-10.52373192,13.54438897
-0.04982651877,1.639378509,-2.140357603,13.50639919,-10.6796122,13.53969222
-0.05183464284,1.640283379,-2.143671371,13.51427513,-10.83233178,13.53586567
-0.05384009932,1.641051272,-2.147028749,13.52051069,-10.98177542,13.53290206
-0.05584151295,1.641677602,-2.150431387,13.52504278,-11.12782786,13.53079416
-0.05783750847,1.642157785,-2.153880932,13.5278083,-11.27037384,13.52953473
-0.05982671062,1.642487238,-2.157379034,13.52874416,-11.4092981,13.52911653
-0.06189751372,1.642731473,-2.161004944,13.51984121,-11.54238976,13.53586595
-0.06413277608,1.642959432,-2.164827364,13.49375935,-11.66766922,13.55570574
-0.06652281848,1.643171675,-2.168832117,13.45143906,-11.78536811,13.58802319
-0.06905796167,1.643368766,-2.173005026,13.39382079,-11.89571809,13.63220559
-0.07172852642,1.643551264,-2.177331913,13.32184503,-11.99895079,13.68764026
-0.07452483349,1.64371973,-2.181798603,13.23645224,-12.09529787,13.75371446
-0.07743720366,1.643874727,-2.186390918,13.13858289,-12.18499097,13.82981552
-0.08045595767,1.644016816,-2.191094682,13.02917745,-12.26826173,13.91533071
-0.08357141631,1.644146557,-2.195895717,12.9091764,-12.34534181,14.00964733
-0.08677390033,1.644264512,-2.200779846,12.77952021,-12.41646285,14.11215268
-0.09005373049,1.644371241,-2.205732893,12.64114934,-12.48185649,14.22223406
-0.09340122757,1.644467308,-2.210740682,12.49500426,-12.54175438,14.33927876
-0.09680671232,1.644553272,-2.215789033,12.34202545,-12.59638816,14.46267407
-0.1002605055,1.644629694,-2.220863772,12.18315339,-12.64598949,14.59180729
-0.1037529279,1.644697137,-2.225950721,12.01932852,-12.69079001,14.72606572
-0.1072743003,1.644756161,-2.231035704,11.85149134,-12.73102136,14.86483665
-0.1108149434,1.644807328,-2.236104542,11.68058231,-12.76691519,15.00750737
-0.114365178,1.644851199,-2.24114306,11.5075419,-12.79870314,15.15346518
-0.1179153248,1.644888334,-2.246137081,11.33331058,-12.82661687,15.30209738
-0.1214557047,1.644919296,-2.251072427,11.15882882,-12.85088802,15.45279126
-0.1249766384,1.644944646,-2.255934922,10.9850371,-12.87174822,15.60493411
-0.1284684466,1.644964944,-2.260710388,10.81287588,-12.88942914,15.75791324
-0.1319214502,1.644980753,-2.26538465,10.64328563,-12.90416241,15.91111593
-0.1353259698,1.644992632,-2.26994353,10.47720683,-12.91617969,16.06392949
-0.1386723263,1.645001145,-2.274372851,10.31557994,-12.92571261,16.2157412
-0.1419508404,1.645006851,-2.278658436,10.15934544,-12.93299282,16.36593836
-0.1451518329,1.645010312,-2.282786108,10.00944379,-12.93825198,16.51390827
-0.1482656245,1.645012089,-2.286741691,9.866815476,-12.94172172,16.65903822
-0.1512825361,1.645012744,-2.290511008,9.732400958,-12.94363369,16.80071551
-0.1541928883,1.645012837,-2.294079881,9.607140709,-12.94421953,16.93832743
-0.157107032,1.644865032,-2.297548574,9.486155059,-12.93743114,17.078168
-0.1601321129,1.644432693,-2.301021119,9.364069916,-12.91746975,17.22642369
-0.163253644,1.643732434,-2.304488994,9.241084116,-12.88494102,17.38232048
-0.1664571382,1.642780867,-2.307943675,9.117396495,-12.8404506,17.54508436
-0.1697281084,1.641594608,-2.31137664,8.99320589,-12.78460415,17.71394131
-0.1730520677,1.640190269,-2.314779368,8.868711137,-12.71800733,17.88811732
-0.1764145289,1.638584465,-2.318143334,8.744111071,-12.6412658,18.06683837
-0.1798010051,1.636793808,-2.321460017,8.61960453,-12.55498521,18.24933044
-0.1831970091,1.634834912,-2.324720894,8.495390349,-12.45977124,18.43481952
-0.186588054,1.632724392,-2.327917442,8.371667364,-12.35622952,18.62253159
-0.1899596527,1.630478861,-2.331041139,8.248634412,-12.24496573,18.81169263
-0.1932973181,1.628114932,-2.334083462,8.126490329,-12.12658551,19.00152864
-0.1965865632,1.625649219,-2.337035888,8.005433951,-12.00169453,19.19126559
-0.199812901,1.623098335,-2.339889896,7.885664114,-11.87089845,19.38012947
-0.2029618443,1.620478896,-2.342636962,7.767379655,-11.73480293,19.56734626
-0.2060189063,1.617807513,-2.345268563,7.650779409,-11.59401361,19.75214195
-0.2089695998,1.615100801,-2.347776178,7.536062214,-11.44913617,19.93374252
-0.2117994377,1.612375373,-2.350151284,7.423426904,-11.30077626,20.11137395
-0.2144939331,1.609647843,-2.352385358,7.313072317,-11.14953953,20.28426223
-0.2170385989,1.606934825,-2.354469877,7.205197288,-10.99603165,20.45163334
-0.219418948,1.604252932,-2.356396318,7.100000653,-10.84085827,20.61271327
-0.2216204934,1.601618778,-2.358156161,6.99768125,-10.68462506,20.766728
-0.2236287481,1.599048977,-2.35974088,6.898437913,-10.52793766,20.91290352
-0.2254292249,1.596560142,-2.361141955,6.80246948,-10.37140175,21.0504658
-0.227007437,1.594168887,-2.362350863,6.709974786,-10.21562297,21.17864084
-0.2283488972,1.591891826,-2.36335908,6.621152668,-10.06120699,21.29665461
-0.2294391184,1.589745572,-2.364158085,6.536201962,-9.908759457,21.4037331
-0.2302636137,1.587746738,-2.364739354,6.455321503,-9.758886039,21.4991023
-0.2308078959,1.585911939,-2.365094366,6.378710129,-9.612192391,21.58198819
-0.2310574781,1.584257789,-2.365214597,6.306566676,-9.469284171,21.65161675
-0.231148532,1.582734303,-2.365176408,6.238401269,-9.323543272,21.7114864
-0.2312274646,1.581277769,-2.365063194,6.173544775,-9.168512578,21.76581543
-0.2312951418,1.579884206,-2.364876982,6.111927136,-9.005039234,21.81490963
-0.2313524293,1.578549633,-2.3646198,6.053478293,-8.833970383,21.85907478
-0.2314001929,1.577270071,-2.364293677,5.998128191,-8.65615317,21.89861667
-0.2314392984,1.576041537,-2.363900641,5.94580677,-8.472434739,21.93384109
-0.2314706117,1.574860051,-2.36344272,5.896443974,-8.283662235,21.96505384
-0.2314949986,1.573721633,-2.362921941,5.849969745,-8.090682802,21.99256069
-0.2315133248,1.572622302,-2.362340332,5.806314026,-7.894343585,22.01666743
-0.2315264562,1.571558077,-2.361699923,5.765406759,-7.695491726,22.03767986
-0.2315352586,1.570524977,-2.361002741,5.727177886,-7.494974372,22.05590376
-0.2315405977,1.569519021,-2.360250813,5.691557351,-7.293638666,22.07164492
-0.2315433394,1.56853623,-2.359446168,5.658475095,-7.092331753,22.08520912
-0.2315443495,1.567572621,-2.358590834,5.627861062,-6.891900776,22.09690217
-0.2315444938,1.566624215,-2.35768684,5.599645193,-6.693192881,22.10702983
-0.2315446381,1.565687031,-2.356736212,5.573757431,-6.497055211,22.11589791
-0.2315456482,1.564757088,-2.355740979,5.550127719,-6.304334911,22.12381219
-0.23154839,1.563830404,-2.35470317,5.528685999,-6.115879126,22.13107846
-0.2315537291,1.562903001,-2.353624812,5.509362214,-5.932534999,22.1380025
-0.2315625315,1.561970895,-2.352507933,5.492086306,-5.755149674,22.14489011
-0.2315756628,1.561030108,-2.351354561,5.476788218,-5.584570297,22.15204708
-0.2315939891,1.560076659,-2.350166725,5.463397891,-5.421644012,22.15977918
-0.2316183759,1.559106565,-2.348946452,5.45184527,-5.267217962,22.16839221
-0.2316496892,1.558115848,-2.34769577,5.442060296,-5.122139292,22.17819196
-0.2316887948,1.557100526,-2.346416708,5.433972911,-4.987255147,22.18948422
-0.2317365584,1.556056618,-2.345111294,5.427513059,-4.863412671,22.20257477
-0.2317938459,1.554980143,-2.343781555,5.422610681,-4.751459007,22.2177694
-0.231861523,1.553867122,-2.34242952,5.41919572,-4.652241302,22.2353739
-0.2319404557,1.552713572,-2.341057216,5.41719812,-4.566606698,22.25569406
-0.2320315096,1.551515514,-2.339666672,5.416547821,-4.49540234,22.27903567
-0.2322201936,1.550241778,-2.338169083,5.417456617,-4.434355166,22.30451053
-0.2325829937,1.548870433,-2.336485375,5.420100386,-4.37845577,22.33097338
-0.2331072409,1.547411362,-2.334632173,5.424355202,-4.327446777,22.35834436
-0.2337802666,1.545874443,-2.332626103,5.430097138,-4.281070814,22.38654363
-0.2345894019,1.544269559,-2.330483789,5.437202268,-4.239070509,22.41549133
-0.2355219781,1.542606589,-2.328221857,5.445546664,-4.201188486,22.44510763
-0.2365653265,1.540895415,-2.325856931,5.455006401,-4.167167373,22.47531266
-0.2377067783,1.539145916,-2.323405638,5.465457551,-4.136749797,22.5060266
-0.2389336646,1.537367975,-2.320884601,5.476776188,-4.109678383,22.53716958
-0.2402333168,1.53557147,-2.318310447,5.488838385,-4.085695758,22.56866176
-0.2415930661,1.533766284,-2.3156998,5.501520215,-4.064544549,22.6004233
-0.2430002436,1.531962297,-2.313069285,5.514697752,-4.045967382,22.63237434
-0.2444421807,1.530169388,-2.310435528,5.528247069,-4.029706884,22.66443504
-0.2459062085,1.52839744,-2.307815154,5.542044239,-4.015505681,22.69652555
-0.2473796584,1.526656332,-2.305224787,5.555965337,-4.0031064,22.72856602
-0.2488498614,1.524955946,-2.302681054,5.569886434,-3.992251667,22.76047661
-0.250304149,1.523306162,-2.300200578,5.583683604,-3.982684108,22.79217746
-0.2517298522,1.52171686,-2.297799986,5.597232921,-3.974146351,22.82358874
-0.2531143023,1.520197921,-2.295495902,5.610410458,-3.966381022,22.85463059
-0.2544448306,1.518759227,-2.293304951,5.623092289,-3.959130747,22.88522316
-0.2557087683,1.517410657,-2.291243759,5.635154485,-3.952138152,22.91528661
-0.2568934466,1.516162092,-2.289328951,5.646473122,-3.945145865,22.94474109
-0.2579861968,1.515023413,-2.287577152,5.656924272,-3.937896511,22.97350675
-0.2589743501,1.514004501,-2.286004986,5.666384009,-3.930132718,23.00150374
-0.2598452377,1.513115236,-2.28462908,5.674728405,-3.921597111,23.02865223
-0.2605861908,1.512365499,-2.283466058,5.681833535,-3.912032318,23.05487235
-0.2611845407,1.511765171,-2.282532545,5.687575471,-3.901180964,23.08008426
-0.2616276187,1.511324131,-2.281845166,5.691830287,-3.888785676,23.10420812
-0.2619027559,1.511052262,-2.281420547,5.694474057,-3.874589081,23.12716408
-0.2619972835,1.510959443,-2.281275313,5.695382852,-3.858333806,23.14887228
-0.2619972146,1.510989363,-2.281373989,5.692956176,-3.840781617,23.16947219
-0.2619967319,1.511076905,-2.281662654,5.685865631,-3.82290871,23.18918313
-0.2619954217,1.511218748,-2.282130261,5.67439544,-3.804779351,23.20804511
-0.2619928702,1.511411567,-2.282765766,5.658829826,-3.786457807,23.22609808
-0.2619886638,1.511652039,-2.283558124,5.639453012,-3.768008343,23.24338204
-0.2619823885,1.511936841,-2.284496288,5.616549223,-3.749495228,23.25993698
-0.2619736308,1.512262648,-2.285569213,5.59040268,-3.730982727,23.27580286
-0.2619619769,1.512626138,-2.286765855,5.561297608,-3.712535107,23.29101967
-0.2619470129,1.513023988,-2.288075168,5.52951823,-3.694216635,23.3056274
-0.2619283252,1.513452873,-2.289486105,5.49534877,-3.676091577,23.31966602
-0.2619054999,1.51390947,-2.290987623,5.459073449,-3.658224199,23.33317552
-0.2618781235,1.514390457,-2.292568675,5.420976493,-3.640678769,23.34619588
-0.261845782,1.514892508,-2.294218217,5.381342124,-3.623519553,23.35876708
-0.2618080617,1.515412302,-2.295925202,5.340454565,-3.606810817,23.3709291
-0.261764549,1.515946514,-2.297678586,5.29859804,-3.590616828,23.38272193
-0.26171483,1.516491821,-2.299467323,5.256056773,-3.575001853,23.39418554
-0.261658491,1.5170449,-2.301280368,5.213114985,-3.560030157,23.40535992
-0.2615951182,1.517602427,-2.303106674,5.170056902,-3.545766009,23.41628505
-0.261524298,1.518161079,-2.304935198,5.127166746,-3.532273674,23.42700091
-0.2614456165,1.518717532,-2.306754893,5.08472874,-3.519617418,23.43754749
-0.2613586599,1.519268463,-2.308554715,5.043027108,-3.507861509,23.44796476
-0.2612630147,1.519810548,-2.310323617,5.002346073,-3.497070214,23.45829271
-0.2611582669,1.520340465,-2.312050555,4.962969859,-3.487307797,23.46857131
-0.2610440028,1.520854889,-2.313724482,4.925182688,-3.478638527,23.47884056
-0.2609198088,1.521350496,-2.315334354,4.889268785,-3.47112667,23.48914042
-0.260785271,1.521823965,-2.316869126,4.855512372,-3.464836492,23.4995109
-0.2606399756,1.52227197,-2.318317751,4.824197673,-3.45983226,23.50999195
-0.2604835091,1.52269119,-2.319669185,4.795608911,-3.45617824,23.52062358
-0.2603154575,1.523078299,-2.320912382,4.770030309,-3.4539387,23.53144575
-0.2601354071,1.523429976,-2.322036296,4.747746091,-3.453177905,23.54249846
-0.2598652,1.523765454,-2.323073999,4.728530054,-3.453319246,23.55385039
-0.259434874,1.524105441,-2.32406771,4.711834368,-3.453730422,23.56551115
-0.2588563095,1.524448823,-2.325020109,4.697460812,-3.454392158,23.57743205
-0.258141387,1.524794485,-2.325933876,4.685211167,-3.455285181,23.58956442
-0.2573019868,1.525141312,-2.326811691,4.674887213,-3.456390216,23.60185956
-0.2563499891,1.52548819,-2.327656233,4.666290731,-3.45768799,23.61426881
-0.2552972745,1.525834004,-2.328470182,4.659223502,-3.459159229,23.62674347
-0.2541557232,1.526177639,-2.329256218,4.653487305,-3.460784659,23.63923487
-0.2529372157,1.526517982,-2.33001702,4.648883921,-3.462545005,23.65169433
-0.2516536322,1.526853917,-2.33075527,4.64521513,-3.464420995,23.66407317
-0.2503168532,1.52718433,-2.331473645,4.642282713,-3.466393355,23.6763227
-0.248938759,1.527508106,-2.332174826,4.639888451,-3.46844281,23.68839424
-0.2475312299,1.52782413,-2.332861493,4.637834123,-3.470550086,23.70023912
-0.2461061464,1.528131289,-2.333536325,4.63592151,-3.47269591,23.71180865
-0.2446753888,1.528428468,-2.334202002,4.633952392,-3.474861008,23.72305415
-0.2432508374,1.528714551,-2.334861204,4.63172855,-3.477026107,23.73392694
-0.2418443727,1.528988425,-2.335516611,4.629051765,-3.479171931,23.74437834
-0.2404678749,1.529248974,-2.336170903,4.625723816,-3.481279207,23.75435966
-0.2391332244,1.529495085,-2.336826758,4.621546484,-3.483328662,23.76382224
-0.2378523017,1.529725642,-2.337486857,4.61632155,-3.485301021,23.77271738
-0.236636987,1.529939531,-2.338153881,4.609850793,-3.487177011,23.7809964
-0.2354991608,1.530135638,-2.338830507,4.601935994,-3.488937358,23.78861063
-0.2344507034,1.530312847,-2.339519417,4.592378935,-3.490562788,23.79551139
-0.2335034951,1.530470045,-2.340223289,4.580981394,-3.492034027,23.80164998
-0.2326694163,1.530606117,-2.340944805,4.567545153,-3.493331801,23.80697774
-0.2319603474,1.530719947,-2.341686642,4.551871991,-3.494436836,23.81144598
-0.2313881687,1.530810422,-2.342451482,4.53376369,-3.495329859,23.81500601
-0.2309647606,1.530876427,-2.343242004,4.513022029,-3.495991595,23.81760917
-0.2307020035,1.530916848,-2.344060887,4.48944879,-3.496402771,23.81920676
-0.2306117777,1.530930569,-2.344910812,4.462845752,-3.496544112,23.81975011
-0.2306535511,1.530914847,-2.345815221,4.431926384,-3.486779537,23.81808415
-0.230775635,1.530867677,-2.346790997,4.395827673,-3.458373501,23.81320648
-0.2309731751,1.53078905,-2.347830979,4.354986678,-3.412657537,23.8052974
-0.2312413171,1.530678958,-2.348928007,4.309840455,-3.350963178,23.79453722
-0.2315752067,1.530537392,-2.35007492,4.260826063,-3.274621956,23.78110623
-0.2319699897,1.530364342,-2.351264559,4.20838056,-3.184965405,23.76518475
-0.2324208117,1.530159802,-2.352489762,4.152941003,-3.083325057,23.74695307
-0.2329228184,1.529923763,-2.353743371,4.094944451,-2.971032446,23.7265915
-0.2334711555,1.529656215,-2.355018224,4.034827961,-2.849419105,23.70428034
-0.2340609688,1.52935715,-2.35630716,3.973028591,-2.719816565,23.6801999
-0.2346874039,1.529026561,-2.357603021,3.909983398,-2.583556361,23.65453048
-0.2353456065,1.528664438,-2.358898644,3.846129442,-2.441970026,23.62745239
-0.2360307224,1.528270772,-2.360186871,3.781903778,-2.296389091,23.59914592
-0.2367378972,1.527845556,-2.36146054,3.717743466,-2.148145091,23.56979138
-0.2374622766,1.527388781,-2.362712492,3.654085564,-1.998569558,23.53956908
-0.2381990063,1.526900438,-2.363935566,3.591367128,-1.848994024,23.50865932
-0.2389432321,1.526380519,-2.365122601,3.530025217,-1.700750024,23.47724239
-0.2396900996,1.525829015,-2.366266438,3.470496889,-1.555169089,23.44549862
-0.2404347546,1.525245918,-2.367359916,3.413219201,-1.413582754,23.41360829
-0.2411723426,1.524631219,-2.368395875,3.358629212,-1.27732255,23.38175172
-0.2418980096,1.52398491,-2.369367154,3.307163979,-1.14772001,23.3501092
-0.242606901,1.523306982,-2.370266593,3.25926056,-1.026106669,23.31886104
-0.2432941627,1.522597427,-2.371087032,3.215356013,-0.9138140578,23.28818755
-0.2439549403,1.521856236,-2.371821311,3.175887396,-0.8121737102,23.25826902
-0.2445843796,1.521083401,-2.372462268,3.141291766,-0.7225171591,23.22928577
-0.2451776262,1.520278912,-2.373002744,3.112006182,-0.6461759373,23.20141809
-0.2457298259,1.519442763,-2.373435579,3.088467701,-0.5844815779,23.17484628
-0.2462361243,1.518574944,-2.373753612,3.071113381,-0.5387656137,23.14975066
-0.2466916671,1.517675446,-2.373949682,3.06038028,-0.5103595777,23.12631153
-0.2470916001,1.516744261,-2.37401663,3.056705455,-0.5005950028,23.10470919
-0.2474401861,1.515764918,-2.373809933,3.058530399,-0.5024203006,23.08409357
-0.2477470489,1.514723355,-2.373203376,3.063893648,-0.5077771245,23.06350446
-0.2480153756,1.513623184,-2.372217259,3.072627829,-0.5164868701,23.04295689
-0.2482483533,1.512468013,-2.370871883,3.08456557,-0.5283709329,23.02246589
-0.248449169,1.511261452,-2.369187548,3.099539497,-0.5432507087,23.00204652
-0.24862101,1.51000711,-2.367184555,3.117382238,-0.5609475929,22.98171381
-0.2487670633,1.508708596,-2.364883206,3.137926419,-0.5812829813,22.9614828
-0.248890516,1.50736952,-2.362303799,3.161004668,-0.6040782695,22.94136854
-0.2489945552,1.505993492,-2.359466637,3.186449612,-0.629154853,22.92138606
-0.249082368,1.504584121,-2.35639202,3.214093877,-0.6563341275,22.9015504
-0.2491571415,1.503145016,-2.353100247,3.243770092,-0.6854374886,22.88187661
-0.2492220628,1.501679787,-2.349611621,3.275310882,-0.7162863319,22.86237973
-0.249280319,1.500192043,-2.345946441,3.308548874,-0.748702053,22.84307479
-0.2493350972,1.498685394,-2.342125008,3.343316697,-0.7825060476,22.82397684
-0.2493895845,1.497163449,-2.338167623,3.379446977,-0.8175197112,22.80510092
-0.249446968,1.495629818,-2.334094587,3.416772341,-0.8535644396,22.78646207
-0.2495104347,1.49408811,-2.329926199,3.455125415,-0.8904616282,22.76807533
-0.2495831719,1.492541934,-2.325682761,3.494338828,-0.9280326727,22.74995574
-0.2496683666,1.4909949,-2.321384574,3.534245206,-0.9660989687,22.73211834
-0.2497692059,1.489450617,-2.317051937,3.574677177,-1.004481912,22.71457817
-0.2498888768,1.487912696,-2.312705152,3.615467366,-1.043002898,22.69735027
-0.2500305666,1.486384744,-2.308364519,3.656448402,-1.081483322,22.68044969
-0.2501974622,1.484870372,-2.304050339,3.697452911,-1.11974458,22.66389146
-0.2503927509,1.48337319,-2.299782912,3.738313521,-1.157608068,22.64769063
-0.2506196196,1.481896806,-2.295582539,3.778862858,-1.194895181,22.63186224
-0.2508812555,1.48044483,-2.291469521,3.81893355,-1.231427315,22.61642132
-0.2511808458,1.479020871,-2.287464158,3.858358223,-1.267025866,22.60138291
-0.2515215774,1.47762854,-2.283586751,3.896969505,-1.301512228,22.58676207
-0.2519066375,1.476271444,-2.279857601,3.934600022,-1.334707798,22.57257382
-0.2523392132,1.474953195,-2.276297007,3.971082403,-1.366433972,22.55883322
-0.2528224916,1.473677401,-2.272925272,4.006249273,-1.396512144,22.54555529
-0.2533596598,1.472447671,-2.269762695,4.039933259,-1.424763711,22.53275508
-0.2539539049,1.471267616,-2.266829576,4.07196699,-1.451010068,22.52044764
-0.2547169148,1.47010212,-2.263975488,4.103480474,-1.474943166,22.50870979
-0.2557429905,1.468916989,-2.261046038,4.135662513,-1.496541322,22.49759873
-0.2570092382,1.467717212,-2.258055587,4.168433921,-1.516055479,22.48710005
-0.2584927641,1.466507781,-2.255018494,4.201715511,-1.533736581,22.47719931
-0.2601706748,1.465293684,-2.251949118,4.235428098,-1.549835569,22.4678821
-0.2620200763,1.464079913,-2.24886182,4.269492494,-1.564603389,22.45913399
-0.2640180752,1.462871457,-2.24577096,4.303829514,-1.578290982,22.45094057
-0.2661417776,1.461673306,-2.242690896,4.338359972,-1.591149293,22.44328741
-0.2683682898,1.460490452,-2.239635988,4.373004681,-1.603429265,22.43616009
-0.2706747183,1.459327882,-2.236620596,4.407684455,-1.61538184,22.42954419
-0.2730381693,1.458190589,-2.233659079,4.442320108,-1.627257962,22.42342528
-0.2754357491,1.457083562,-2.230765798,4.476832454,-1.639308575,22.41778895
-0.277844564,1.456011791,-2.227955111,4.511142307,-1.651784622,22.41262077
-0.2802417203,1.454980266,-2.225241379,4.54517048,-1.664937045,22.40790632
-0.2826043245,1.453993977,-2.22263896,4.578837786,-1.679016789,22.40363118
-0.2849094826,1.453057915,-2.220162215,4.612065041,-1.694274796,22.39978093
-0.2871343012,1.45217707,-2.217825504,4.644773057,-1.71096201,22.39634115
-0.2892558864,1.451356431,-2.215643185,4.676882649,-1.729329374,22.3932974
-0.2912513447,1.450600989,-2.213629618,4.70831463,-1.749627831,22.39063529
-0.2930977822,1.449915734,-2.211799164,4.738989815,-1.772108325,22.38834037
-0.2947723054,1.449305656,-2.210166181,4.768829016,-1.797021798,22.38639823
-0.2962520205,1.448775746,-2.208745029,4.797753047,-1.824619195,22.38479445
-0.2975140339,1.448330993,-2.207550069,4.825682723,-1.855151458,22.38351461
-0.2985354518,1.447976387,-2.206595658,4.852538858,-1.888869531,22.38254428
-0.2992933806,1.447716919,-2.205896158,4.878242264,-1.926024357,22.38186904
-0.2997649266,1.447557579,-2.205465928,4.902713756,-1.966866879,22.38147448
-0.2999271961,1.447503357,-2.205319326,4.925874148,-2.01164804,22.38134616
-0.2999271534,1.447562331,-2.205416605,4.948271898,-2.062285408,22.38452177
-0.2999268549,1.447735405,-2.205701014,4.970481534,-2.120112542,22.39375991
-0.2999260444,1.448016805,-2.206161415,4.992462972,-2.18450438,22.40862754
-0.2999244662,1.448400755,-2.206786667,5.014176129,-2.254835856,22.42869163
-0.2999218644,1.448881483,-2.207565631,5.035580921,-2.330481905,22.45351913
-0.2999179829,1.449453212,-2.208487168,5.056637265,-2.410817463,22.48267702
-0.2999125658,1.45011017,-2.209540138,5.077305079,-2.495217465,22.51573224
-0.2999053573,1.450846581,-2.210713401,5.097544277,-2.583056846,22.55225176
-0.2998961014,1.451656672,-2.211995819,5.117314778,-2.673710542,22.59180255
-0.2998845422,1.452534669,-2.213376252,5.136576497,-2.766553489,22.63395157
-0.2998704238,1.453474796,-2.214843559,5.155289352,-2.860960621,22.67826578
-0.2998534902,1.45447128,-2.216386602,5.173413259,-2.956306874,22.72431214
-0.2998334856,1.455518346,-2.217994241,5.190908134,-3.051967184,22.77165761
-0.2998101539,1.456610221,-2.219655337,5.207733894,-3.147316485,22.81986915
-0.2997832394,1.457741129,-2.22135875,5.223850457,-3.241729713,22.86851374
-0.2997524859,1.458905297,-2.22309334,5.239217737,-3.334581803,22.91715832
-0.2997176377,1.46009695,-2.224847968,5.253795653,-3.425247691,22.96536987
-0.2996784388,1.461310314,-2.226611495,5.267544121,-3.513102312,23.01271534
-0.2996346333,1.462539614,-2.228372781,5.280423056,-3.597520602,23.0587617
-0.2995859653,1.463779077,-2.230120686,5.292392377,-3.677877495,23.10307591
-0.2995321788,1.465022928,-2.231844072,5.303412,-3.753547928,23.14522493
-0.2994730179,1.466265392,-2.233531798,5.313441841,-3.823906835,23.18477572
-0.2994082267,1.467500696,-2.235172724,5.322441816,-3.888329152,23.22129524
-0.2993375493,1.468723065,-2.236755713,5.330371843,-3.946189814,23.25435046
-0.2992607297,1.469926725,-2.238269623,5.337191839,-3.996863757,23.28350834
-0.2991775121,1.471105902,-2.239703316,5.342861719,-4.039725916,23.30833585
-0.2990876404,1.472254821,-2.241045651,5.3473414,-4.074151226,23.32839994
-0.2989908588,1.473367708,-2.24228549,5.3505908,-4.099514623,23.34326757
-0.2988869114,1.474438788,-2.243411693,5.352569834,-4.115191042,23.35250571
-0.2987755422,1.475462288,-2.24441312,5.353238419,-4.120555418,23.35568132
-0.2984867103,1.476498659,-2.245342622,5.352977131,-4.120359688,23.35228102
-0.2978634147,1.477607185,-2.246259588,5.352203464,-4.11978161,23.34234409
-0.2969249591,1.478780334,-2.247162685,5.350932715,-4.118834856,23.32626646
-0.2956906475,1.480010577,-2.248050583,5.34918018,-4.117533096,23.30444408
-0.2941797836,1.481290386,-2.24892195,5.346961157,-4.115889999,23.27727289
-0.2924116713,1.482612231,-2.249775455,5.34429094,-4.113919236,23.24514883
-0.2904056143,1.483968581,-2.250609765,5.341184827,-4.111634478,23.20846784
-0.2881809166,1.485351908,-2.25142355,5.337658115,-4.109049395,23.16762587
-0.285756882,1.486754682,-2.252215478,5.333726099,-4.106177656,23.12301885
-0.2831528143,1.488169373,-2.252984218,5.329404077,-4.103032933,23.07504274
-0.2803880173,1.489588453,-2.253728438,5.324707345,-4.099628896,23.02409346
-0.2774817949,1.491004391,-2.254446806,5.319651199,-4.095979214,22.97056696
-0.2744534509,1.492409658,-2.255137991,5.314250935,-4.092097559,22.91485918
-0.2713222891,1.493796725,-2.255800661,5.308521852,-4.0879976,22.85736607
-0.2681076133,1.495158061,-2.256433486,5.302479244,-4.083693008,22.79848356
-0.2648287275,1.496486139,-2.257035133,5.296138408,-4.079197453,22.7386076
-0.2615049354,1.497773427,-2.25760427,5.289514641,-4.074524606,22.67813413
-0.2581555408,1.499012396,-2.258139568,5.28262324,-4.069688136,22.61745909
-0.2547998476,1.500195518,-2.258639693,5.2754795,-4.064701715,22.55697842
-0.2514571596,1.501315262,-2.259103315,5.268098719,-4.059579011,22.49708806
-0.2481467807,1.502364099,-2.259529101,5.260496193,-4.054333697,22.43818396
-0.2448880147,1.5033345,-2.259915721,5.252687218,-4.048979441,22.38066206
-0.2417001654,1.504218934,-2.260261843,5.24468709,-4.043529914,22.3249183
-0.2386025366,1.505009873,-2.260566136,5.236511108,-4.037998787,22.27134862
-0.2356144322,1.505699787,-2.260827267,5.228174566,-4.03239973,22.22034895
-0.232755156,1.506281147,-2.261043905,5.219692761,-4.026746413,22.17231525
-0.2300440118,1.506746422,-2.26121472,5.211080991,-4.021052507,22.12764346
-0.2275003036,1.507088084,-2.261338379,5.202354551,-4.015331681,22.08672952
-0.225143335,1.507298602,-2.261413551,5.193528737,-4.009597606,22.04996936
-0.2229924099,1.507370448,-2.261438904,5.184618847,-4.003863952,22.01775893
-0.2209701973,1.507344354,-2.26133315,5.175802658,-3.998382252,21.98915496
-0.218986069,1.507268441,-2.261025501,5.167214439,-3.993352372,21.96285277
-0.2170393834,1.50714627,-2.260530379,5.15880422,-3.988710488,21.93870619
-0.2151294986,1.506981398,-2.259862204,5.150522033,-3.984392772,21.91656904
-0.2132557731,1.506777383,-2.259035398,5.142317911,-3.9803354,21.89629517
-0.2114175651,1.506537785,-2.258064381,5.134141885,-3.976474546,21.8777384
-0.2096142329,1.506266161,-2.256963576,5.125943987,-3.972746384,21.86075257
-0.2078451349,1.50596607,-2.255747402,5.117674249,-3.969087087,21.8451915
-0.2061096293,1.50564107,-2.25443028,5.109282702,-3.965432831,21.83090902
-0.2044070744,1.505294719,-2.253026633,5.100719378,-3.961719789,21.81775896
-0.2027368286,1.504930577,-2.25155088,5.091934309,-3.957884136,21.80559516
-0.2010982502,1.504552202,-2.250017443,5.082877526,-3.953862046,21.79427145
-0.1994906974,1.504163151,-2.248440743,5.073499062,-3.949589693,21.78364165
-0.1979135286,1.503766983,-2.246835201,5.063748948,-3.94500325,21.7735596
-0.1963661021,1.503367257,-2.245215238,5.053577216,-3.940038894,21.76387913
-0.1948477761,1.502967531,-2.243595275,5.042933897,-3.934632797,21.75445407
-0.193357909,1.502571363,-2.241989733,5.031769024,-3.928721134,21.74513825
-0.191895859,1.502182312,-2.240413033,5.020032628,-3.922240079,21.7357855
-0.1904609846,1.501803936,-2.238879596,5.007674741,-3.915125806,21.72624965
-0.1890526439,1.501439794,-2.237403843,4.994645395,-3.907314489,21.71638453
-0.1876701953,1.501093444,-2.236000196,4.980894621,-3.898742303,21.70604397
-0.1863129972,1.500768444,-2.234683075,4.966372451,-3.889345422,21.69508181
-0.1849804077,1.500468353,-2.233466901,4.951028917,-3.87906002,21.68335187
-0.1836717852,1.500196729,-2.232366095,4.934814051,-3.867822272,21.67070799
-0.182386488,1.499957131,-2.231395078,4.917677884,-3.85556835,21.65700399
-0.1811238745,1.499753116,-2.230568272,4.899570448,-3.842234431,21.64209371
-0.1798833028,1.499588244,-2.229900098,4.880441776,-3.827756687,21.62583097
-0.1786641314,1.499466072,-2.229404975,4.860241898,-3.812071293,21.60806962
-0.1774657185,1.49939016,-2.229097327,4.838920846,-3.795114423,21.58866347
-0.1762874224,1.499364065,-2.228991572,4.816428653,-3.776822252,21.56746636
-0.1751192958,1.499407978,-2.229095809,4.791531985,-3.7561136,21.54391429
-0.17395356,1.499535726,-2.229399042,4.763229655,-3.732135648,21.51770253
-0.1727928261,1.49974132,-2.229887058,4.731819911,-3.70516711,21.48907375
-0.1716397056,1.500018772,-2.230545643,4.697601001,-3.675486702,21.45827067
-0.1704968096,1.500362093,-2.231360583,4.660871173,-3.643373137,21.42553597
-0.1693667494,1.500765297,-2.232317663,4.621928676,-3.609105129,21.39111235
-0.1682521362,1.501222393,-2.233402669,4.581071759,-3.572961395,21.3552425
-0.1671555813,1.501727396,-2.234601389,4.538598669,-3.535220647,21.31816914
-0.1660796961,1.502274315,-2.235899606,4.494807654,-3.496161601,21.28013494
-0.1650270916,1.502857163,-2.237283108,4.449996964,-3.456062971,21.24138261
-0.1640003793,1.503469953,-2.23873768,4.404464846,-3.415203472,21.20215484
-0.1630021703,1.504106695,-2.240249109,4.358509549,-3.373861818,21.16269433
-0.1620350759,1.504761401,-2.24180318,4.312429321,-3.332316724,21.12324378
-0.1611017073,1.505428084,-2.243385678,4.26652241,-3.290846904,21.08404587
-0.1602046759,1.506100755,-2.244982391,4.221087065,-3.249731072,21.04534332
-0.1593465929,1.506773426,-2.246579104,4.176421534,-3.209247944,21.0073788
-0.1585300695,1.507440108,-2.248161603,4.132824065,-3.169676234,20.97039503
-0.1577577171,1.508094815,-2.249715674,4.090592907,-3.131294655,20.9346347
-0.1570321468,1.508731557,-2.251227102,4.050026308,-3.094381924,20.90034049
-0.1563559699,1.509344346,-2.252681675,4.011422516,-3.059216754,20.86775512
-0.1557317977,1.509927195,-2.254065177,3.97507978,-3.02607786,20.83712127
-0.1551622414,1.510474114,-2.255363394,3.941296348,-2.995243956,20.80868164
-0.1546499123,1.510979116,-2.256562113,3.910370468,-2.966993757,20.78267893
-0.1541974217,1.511436213,-2.25764712,3.882600388,-2.941605977,20.75935583
-0.1538073808,1.511839416,-2.2586042,3.858284358,-2.919359332,20.73895504
-0.1534824009,1.512182738,-2.25941914,3.837720625,-2.900532535,20.72171926
-0.1532250932,1.51246019,-2.260077724,3.821207437,-2.885404301,20.70789118
-0.153038069,1.512665784,-2.260565741,3.809043043,-2.874253344,20.6977135
-0.1529239396,1.512793531,-2.260868974,3.801525691,-2.867358379,20.69142892
-0.1528853162,1.512837444,-2.26097321,3.79895363,-2.864998121,20.68928012
-0.1529979116,1.512782122,-2.260894885,3.80164878,-2.870576006,20.69509767
-0.153325462,1.512621183,-2.260663568,3.809590783,-2.886989278,20.71202144
-0.1538526135,1.512362173,-2.260284743,3.822564467,-2.913757367,20.73925813
-0.154564012,1.512012634,-2.259763897,3.840354662,-2.9503997,20.77601444
-0.1554443038,1.511580112,-2.259106517,3.862746196,-2.996435708,20.82149708
-0.1564781348,1.511072149,-2.258318087,3.889523897,-3.051384817,20.87491272
-0.1576501511,1.510496291,-2.257404094,3.920472595,-3.114766458,20.93546809
-0.1589449988,1.50986008,-2.256370023,3.955377117,-3.186100057,21.00236986
-0.160347324,1.509171062,-2.255221361,3.994022293,-3.264905044,21.07482475
-0.1618417728,1.50843678,-2.253963593,4.036192951,-3.350700848,21.15203945
-0.1634129912,1.507664777,-2.252602206,4.08167392,-3.443006897,21.23322066
-0.1650456253,1.506862599,-2.251142684,4.130250029,-3.541342619,21.31757507
-0.1667243211,1.506037789,-2.249590515,4.181706106,-3.645227443,21.40430939
-0.1684337248,1.50519789,-2.247951183,4.235826979,-3.754180798,21.49263031
-0.1701584825,1.504350448,-2.246230175,4.292397479,-3.867722111,21.58174454
-0.1718832401,1.503503006,-2.244432977,4.351202432,-3.985370813,21.67085876
-0.1735926438,1.502663107,-2.242565074,4.412026669,-4.106646331,21.75917969
-0.1752713397,1.501838297,-2.240631953,4.474655017,-4.231068094,21.84591401
-0.1769039738,1.501036119,-2.238639099,4.538872305,-4.35815553,21.93026842
-0.1784751922,1.500264116,-2.236591998,4.604463363,-4.487428068,22.01144963
-0.1799696409,1.499529834,-2.234496136,4.671213018,-4.618405137,22.08866433
-0.1813719662,1.498840816,-2.232356999,4.738906099,-4.750606165,22.16111922
-0.1826668139,1.498204605,-2.230180073,4.807327435,-4.883550581,22.22802099
-0.1838388302,1.497628747,-2.227970843,4.876261855,-5.016757812,22.28857636
-0.1848726612,1.497120784,-2.225734797,4.945494187,-5.149747289,22.341992
-0.1857529529,1.496688262,-2.223477418,5.01480926,-5.282038439,22.38747463
-0.1864643515,1.496338723,-2.221204194,5.083991903,-5.41315069,22.42423095
-0.1869915029,1.496079713,-2.218920611,5.152826944,-5.542603473,22.45146764
-0.1873190533,1.495918774,-2.216632153,5.221099212,-5.669916214,22.46839141
-0.1874316488,1.495863451,-2.214344307,5.288593535,-5.794608343,22.47420895
-0.1873085979,1.495939734,-2.211913429,5.358230968,-5.922637578,22.47064544
-0.18694884,1.49616303,-2.209208878,5.432796768,-6.059736457,22.46023917
-0.1863664676,1.49652501,-2.206255644,5.511872073,-6.205086634,22.44341653
-0.185575573,1.497017346,-2.203078717,5.595038019,-6.357869762,22.42060392
-0.1845902484,1.49763171,-2.199703088,5.681875743,-6.517267496,22.39222773
-0.1834245863,1.498359773,-2.196153746,5.771966381,-6.682461489,22.35871436
-0.182092679,1.499193206,-2.192455682,5.86489107,-6.852633397,22.3204902
-0.1806086188,1.500123682,-2.188633887,5.960230947,-7.026964872,22.27798165
-0.1789864981,1.501142871,-2.18471335,6.057567148,-7.20463757,22.2316151
-0.1772404092,1.502242445,-2.180719062,6.156480811,-7.384833145,22.18181695
-0.1753844444,1.503414076,-2.176676013,6.25655307,-7.56673325,22.12901359
-0.1734326962,1.504649435,-2.172609193,6.357365064,-7.749519539,22.07363141
-0.1713992568,1.505940193,-2.168543592,6.458497929,-7.932373668,22.01609682
-0.1692982186,1.507278022,-2.164504202,6.559532802,-8.114477289,21.95683621
-0.167143674,1.508654595,-2.160516012,6.660050818,-8.295012057,21.89627596
-0.1649497152,1.510061581,-2.156604012,6.759633116,-8.473159627,21.83484248
-0.1627304346,1.511490653,-2.152793193,6.857860831,-8.648101652,21.77296217
-0.1604999246,1.512933482,-2.149108544,6.9543151,-8.819019786,21.7110614
-0.1582722775,1.514381739,-2.145575057,7.048577059,-8.985095685,21.64956659
-0.1560615857,1.515827097,-2.142217721,7.140227847,-9.145511001,21.58890412
-0.1538819414,1.517261227,-2.139061527,7.228848598,-9.299447388,21.5295004
-0.1517474371,1.518675799,-2.136131465,7.31402045,-9.446086502,21.47178181
-0.1496721651,1.520062487,-2.133452525,7.395324539,-9.584609996,21.41617474
-0.1476702177,1.52141296,-2.131049697,7.472342002,-9.714199525,21.36310561
-0.1457556872,1.522718891,-2.128947973,7.544653976,-9.834036742,21.31300079
-0.1439426661,1.523971952,-2.127172341,7.611841597,-9.943303301,21.26628668
-0.1422452466,1.525163813,-2.125747792,7.673486002,-10.04118086,21.22338969
-0.1406775211,1.526286146,-2.124699317,7.729168328,-10.12685106,21.18473619
-0.1392535819,1.527330623,-2.124051906,7.778469711,-10.19949558,21.1507526
-0.1379875214,1.528288915,-2.123830549,7.820971287,-10.25829605,21.1218653
-0.1368125339,1.529214271,-2.123928533,7.858649035,-10.30820064,21.09653181
-0.1356535342,1.530162933,-2.124215776,7.893815895,-10.35477954,21.07288657
-0.1345121956,1.531131063,-2.124682219,7.926558449,-10.39814741,21.05087137
-0.1333901915,1.532114826,-2.125317801,7.956963281,-10.43841895,21.03042799
-0.1322891951,1.533110383,-2.126112461,7.985116971,-10.47570882,21.01149821
-0.1312108798,1.534113897,-2.127056139,8.011106103,-10.51013171,20.99402383
-0.1301569189,1.535121532,-2.128138775,8.035017259,-10.5418023,20.97794662
-0.1291289856,1.53612945,-2.129350307,8.056937021,-10.57083527,20.96320837
-0.1281287533,1.537133814,-2.130680677,8.076951972,-10.59734529,20.94975086
-0.1271578953,1.538130787,-2.132119822,8.095148693,-10.62144705,20.93751588
-0.1262180849,1.539116531,-2.133657682,8.111613768,-10.64325522,20.92644521
-0.1253109954,1.54008721,-2.135284197,8.126433778,-10.66288449,20.91648064
-0.1244383001,1.541038986,-2.136989307,8.139695307,-10.68044953,20.90756395
-0.1236016723,1.541968022,-2.138762951,8.151484935,-10.69606503,20.89963693
-0.1228027854,1.542870482,-2.140595068,8.161889246,-10.70984565,20.89264135
-0.1220433125,1.543742527,-2.142475598,8.170994822,-10.72190609,20.88651901
-0.1213249271,1.544580321,-2.144394481,8.178888245,-10.73236101,20.88121169
-0.1206493024,1.545380027,-2.146341656,8.185656098,-10.74132511,20.87666117
-0.1200181118,1.546137807,-2.148307062,8.191384963,-10.74891305,20.87280924
-0.1194330285,1.546849824,-2.150280638,8.196161422,-10.75523953,20.86959768
-0.1188957258,1.547512241,-2.152252326,8.200072058,-10.76041921,20.86696827
-0.1184078772,1.548121222,-2.154212063,8.203203452,-10.76456677,20.86486281
-0.1179711558,1.548672928,-2.15614979,8.205642188,-10.76779691,20.86322307
-0.1175872349,1.549163522,-2.158055445,8.207474848,-10.77022428,20.86199084
-0.117257788,1.549589168,-2.15991897,8.208788013,-10.77196359,20.8611079
-0.1169844882,1.549946029,-2.161730302,8.209668267,-10.77312949,20.86051604
-0.1167690089,1.550230267,-2.163479381,8.210202191,-10.77383668,20.86015705
-0.1166130234,1.550438044,-2.165156147,8.210476369,-10.77419983,20.8599727
-0.116518205,1.550565525,-2.16675054,8.210577381,-10.77433362,20.85990478
-0.116486227,1.550608871,-2.168252499,8.210591812,-10.77435274,20.85989508
-0.1164887067,1.550608707,-2.169748915,8.209098065,-10.77028302,20.86049913
-0.1164965456,1.550607561,-2.171327183,8.204706099,-10.75825506,20.86225636
-0.1165103439,1.550604449,-2.172978,8.197549821,-10.73854065,20.86508441
-0.1165307018,1.55059839,-2.174692059,8.187763139,-10.71141157,20.86890091
-0.1165582194,1.550588401,-2.176460057,8.175479963,-10.67713961,20.87362348
-0.1165934968,1.550573498,-2.178272689,8.160834199,-10.63599655,20.87916976
-0.1166371342,1.550552701,-2.18012065,8.143959758,-10.58825419,20.88545737
-0.1166897316,1.550525025,-2.181994635,8.124990546,-10.53418429,20.89240395
-0.1167518893,1.550489488,-2.183885341,8.104060473,-10.47405867,20.89992711
-0.1168242073,1.550445109,-2.185783461,8.081303447,-10.40814909,20.9079445
-0.1169072857,1.550390904,-2.187679692,8.056853376,-10.33672735,20.91637375
-0.1170017248,1.55032589,-2.189564728,8.030844169,-10.26006522,20.92513247
-0.1171081246,1.550249085,-2.191429266,8.003409734,-10.17843451,20.93413831
-0.1172270853,1.550159508,-2.193264,7.974683979,-10.09210699,20.94330888
-0.117359207,1.550056174,-2.195059625,7.944800813,-10.00135445,20.95256183
-0.1175050898,1.549938101,-2.196806838,7.913894145,-9.90644868,20.96181478
-0.1176653339,1.549804307,-2.198496333,7.882097882,-9.807661461,20.97098535
-0.1178405393,1.54965381,-2.200118806,7.849545932,-9.705264581,20.97999119
-0.1180313063,1.549485626,-2.201664952,7.816372206,-9.599529827,20.98874991
-0.1182382349,1.549298773,-2.203125466,7.782710609,-9.490728984,20.99717916
-0.1184619253,1.549092269,-2.204491044,7.748695052,-9.37913384,21.00519655
-0.1187029776,1.548865131,-2.205752381,7.714459443,-9.26501618,21.01271971
-0.118961992,1.548616376,-2.206900173,7.680137689,-9.148647791,21.01966629
-0.1192395685,1.548345022,-2.207925114,7.6458637,-9.030300458,21.0259539
-0.1195363073,1.548050087,-2.2088179,7.611771383,-8.910245969,21.03150018
-0.1198528086,1.547730587,-2.209569226,7.577994648,-8.788756109,21.03622275
-0.1201896724,1.54738554,-2.210169788,7.544667401,-8.666102664,21.04003925
-0.1205474989,1.547013963,-2.210610281,7.511923553,-8.542557422,21.0428673
-0.1209268883,1.546614875,-2.2108814,7.479897011,-8.418392167,21.04462453
-0.1213284406,1.546187292,-2.21097384,7.448721683,-8.293878688,21.04522858
-0.1217791608,1.545669701,-2.210929861,7.41650807,-8.161168589,21.04402163
-0.122301584,1.545007254,-2.210798951,7.381461061,-8.013158625,21.04048164
-0.1228896056,1.544208968,-2.21058265,7.34385615,-7.851238302,21.03472995
-0.1235371211,1.543283858,-2.210282501,7.303968829,-7.676797129,21.0268879
-0.1242380258,1.542240938,-2.209900044,7.26207459,-7.491224611,21.01707682
-0.1249862153,1.541089226,-2.20943682,7.218448926,-7.295910257,21.00541803
-0.1257755848,1.539837737,-2.20889437,7.173367331,-7.092243572,20.99203288
-0.1266000299,1.538495485,-2.208274237,7.127105297,-6.881614064,20.97704269
-0.1274534459,1.537071488,-2.207577959,7.079938316,-6.66541124,20.96056879
-0.1283297282,1.53557476,-2.20680708,7.032141882,-6.445024608,20.94273252
-0.1292227724,1.534014316,-2.205963139,6.983991487,-6.221843673,20.92365521
-0.1301264737,1.532399174,-2.205047679,6.935762623,-5.997257943,20.90345818
-0.1310347277,1.530738348,-2.204062239,6.887730785,-5.772656926,20.88226278
-0.1319414297,1.529040853,-2.203008362,6.840171463,-5.549430128,20.86019034
-0.1328404752,1.527315707,-2.201887588,6.793360152,-5.328967056,20.83736218
-0.1337257595,1.525571923,-2.200701459,6.747572343,-5.112657217,20.81389964
-0.1345911781,1.523818518,-2.199451515,6.70308353,-4.901890118,20.78992405
-0.1354306264,1.522064507,-2.198139298,6.660169206,-4.698055267,20.76555674
-0.1362379999,1.520318906,-2.196766349,6.619104862,-4.50254217,20.74091905
-0.1370071939,1.518590731,-2.195334209,6.580165992,-4.316740335,20.7161323
-0.1377321039,1.516888997,-2.193844418,6.543628089,-4.142039268,20.69131783
-0.1384066252,1.51522272,-2.192298519,6.509766644,-3.979828476,20.66659697
-0.1390246534,1.513600915,-2.190698052,6.478857152,-3.831497467,20.64209106
-0.1395800838,1.512032598,-2.189044559,6.451175105,-3.698435747,20.61792141
-0.1400668118,1.510526785,-2.18733958,6.426995995,-3.582032824,20.59420938
-0.1404787329,1.509092491,-2.185584657,6.406595315,-3.483678205,20.57107628
-0.1408097424,1.507738732,-2.18378133,6.390248558,-3.404761396,20.54864345
-0.1410537359,1.506474523,-2.181931141,6.378231217,-3.346671905,20.52703222
-0.1412046086,1.50530888,-2.180035632,6.370818785,-3.310799238,20.50636393
-0.1412562561,1.504250819,-2.178096342,6.368286753,-3.298532903,20.4867599
-0.1411565767,1.503284319,-2.176053063,6.370106606,-3.302795113,20.46707456
-0.1408666003,1.502384377,-2.173851976,6.375400725,-3.315312499,20.44616971
-0.1403999195,1.501546536,-2.17150421,6.383920946,-3.335681194,20.42417777
-0.139770127,1.500766337,-2.169020894,6.395419109,-3.36349733,20.40123116
-0.1389908154,1.500039324,-2.166413156,6.409647052,-3.398357041,20.37746231
-0.1380755774,1.49936104,-2.163692125,6.426356613,-3.439856458,20.35300363
-0.1370380056,1.498727026,-2.16086893,6.44529963,-3.487591715,20.32798755
-0.1358916926,1.498132826,-2.157954699,6.466227941,-3.541158945,20.30254648
-0.1346502311,1.497573981,-2.15496056,6.488893385,-3.600154281,20.27681285
-0.1333272138,1.497046036,-2.151897643,6.513047799,-3.664173855,20.25091908
-0.1319362332,1.496544531,-2.148777076,6.538443023,-3.732813799,20.22499759
-0.130490882,1.49606501,-2.145609988,6.564830894,-3.805670248,20.19918079
-0.1290047529,1.495603016,-2.142407507,6.59196325,-3.882339334,20.17360112
-0.1274914386,1.49515409,-2.139180762,6.619591929,-3.962417189,20.14839098
-0.1259645316,1.494713776,-2.135940882,6.647468771,-4.045499947,20.12368281
-0.1244376245,1.494277616,-2.132698994,6.675345612,-4.13118374,20.09960902
-0.1229243102,1.493841153,-2.129466229,6.702974292,-4.219064701,20.07630203
-0.1214381811,1.493399929,-2.126253714,6.730106648,-4.308738963,20.05389426
-0.1199928299,1.492949486,-2.123072578,6.756494519,-4.399802659,20.03251814
-0.1186018494,1.492485368,-2.11993395,6.781889742,-4.491851921,20.01230608
-0.117278832,1.492003117,-2.116848958,6.806044157,-4.584482883,19.99339051
-0.1160373705,1.491498276,-2.11382873,6.828709601,-4.677291676,19.97590384
-0.1148910575,1.490966386,-2.110884397,6.849637912,-4.769874435,19.9599785
-0.1138534857,1.490402992,-2.108027086,6.868580929,-4.861827291,19.9457469
-0.1129382477,1.489803634,-2.105267925,6.88529049,-4.952746378,19.93334148
-0.1121589361,1.489163857,-2.102618044,6.899518432,-5.042227829,19.92289464
-0.1115291436,1.488479201,-2.100088571,6.911016596,-5.129867775,19.91453881
-0.1110624628,1.487745211,-2.097690635,6.919536817,-5.215262351,19.90840641
-0.1107724864,1.486957429,-2.095435364,6.924830935,-5.298007689,19.90462987
-0.110672807,1.486111397,-2.093333887,6.926650789,-5.377699921,19.90334159
-0.1109755858,1.485179911,-2.091326566,6.926368653,-5.459098472,19.90820238
-0.1118563967,1.484145054,-2.089348175,6.925513079,-5.546807644,19.92234286
-0.1132739518,1.483016297,-2.087401458,6.924070314,-5.64019089,19.94510019
-0.1151869631,1.481803111,-2.085489161,6.922026605,-5.738611665,19.97581155
-0.1175541425,1.480514966,-2.08361403,6.919368202,-5.84143342,20.01381408
-0.120334202,1.479161334,-2.081778808,6.916081351,-5.948019609,20.05844497
-0.1234858537,1.477751685,-2.079986242,6.912152302,-6.057733685,20.10904137
-0.1269678095,1.476295491,-2.078239077,6.9075673,-6.169939101,20.16494045
-0.1307387813,1.474802222,-2.076540058,6.902312596,-6.283999311,20.22547937
-0.1347574812,1.473281348,-2.074891929,6.896374436,-6.399277766,20.28999531
-0.1389826212,1.471742342,-2.073297437,6.889739069,-6.515137921,20.35782542
-0.1433729133,1.470194673,-2.071759327,6.882392741,-6.630943229,20.42830687
-0.1478870694,1.468647814,-2.070280343,6.874321703,-6.746057142,20.50077682
-0.1524838015,1.467111234,-2.068863231,6.8655122,-6.859843113,20.57457244
-0.1571218216,1.465594404,-2.067510737,6.855950482,-6.971664596,20.6490309
-0.1617598417,1.464106796,-2.066225604,6.845622796,-7.080885044,20.72348936
-0.1663565738,1.46265788,-2.06501058,6.83451539,-7.18686791,20.79728498
-0.1708707299,1.461257128,-2.063868408,6.822614511,-7.288976647,20.86975494
-0.175261022,1.459914009,-2.062801834,6.809906409,-7.386574707,20.94023639
-0.1794861619,1.458637996,-2.061813603,6.796377331,-7.479025545,21.0080665
-0.1835048619,1.457438558,-2.06090646,6.782013524,-7.565692613,21.07258243
-0.1872758337,1.456325168,-2.060083152,6.766801237,-7.645939364,21.13312136
-0.1907577895,1.455307295,-2.059346421,6.750726718,-7.719129252,21.18902044
-0.1939094411,1.45439441,-2.058699015,6.733776214,-7.784625729,21.23961684
-0.1966895007,1.453595985,-2.058143679,6.715935974,-7.841792248,21.28424772
-0.1990566801,1.452921491,-2.057683156,6.697192245,-7.889992264,21.32225026
-0.2009696914,1.452380398,-2.057320193,6.677531275,-7.928589227,21.35296161
-0.2023872465,1.451982177,-2.057057535,6.656939312,-7.956946593,21.37571894
-0.2032680574,1.451736299,-2.056897927,6.635402605,-7.974427813,21.38985942
-0.2035708362,1.451652235,-2.056844115,6.612907401,-7.980396342,21.39472021
-0.2034423637,1.451722672,-2.056900048,6.58943177,-7.976276515,21.39313069
-0.2030686257,1.451928486,-2.057066392,6.564973879,-7.964209412,21.38850664
-0.202467141,1.45226143,-2.057340967,6.539550119,-7.9446336,21.38106481
-0.2016554286,1.452713256,-2.05772159,6.513176885,-7.917987647,21.37102195
-0.2006510076,1.453275717,-2.05820608,6.485870567,-7.884710118,21.35859481
-0.1994713969,1.453940565,-2.058792256,6.457647558,-7.845239581,21.34400014
-0.1981341154,1.454699553,-2.059477937,6.428524252,-7.800014604,21.32745471
-0.1966566822,1.455544434,-2.06026094,6.398517039,-7.749473752,21.30917525
-0.1950566161,1.456466961,-2.061139085,6.367642314,-7.694055592,21.28937853
-0.1933514362,1.457458885,-2.06211019,6.335916468,-7.634198693,21.26828129
-0.1915586615,1.458511961,-2.063172073,6.303355894,-7.57034162,21.24610029
-0.1896958109,1.45961794,-2.064322554,6.269976983,-7.502922941,21.22305228
-0.1877804034,1.460768576,-2.06555945,6.23579613,-7.432381222,21.19935402
-0.1858299579,1.46195562,-2.066880581,6.200829726,-7.359155031,21.17522225
-0.1838619934,1.463170826,-2.068283764,6.165094163,-7.283682934,21.15087372
-0.181894029,1.464405947,-2.069766819,6.128605834,-7.206403499,21.1265252
-0.1799435835,1.465652734,-2.071327564,6.091381132,-7.127755292,21.10239343
-0.178028176,1.466902941,-2.072963818,6.053436449,-7.04817688,21.07869516
-0.1761653254,1.468148321,-2.074673398,6.014788178,-6.968106831,21.05564716
-0.1743725506,1.469380625,-2.076454124,5.97545271,-6.887983711,21.03346616
-0.1726673708,1.470591607,-2.078303815,5.935446439,-6.808246087,21.01236892
-0.1710673047,1.47177302,-2.080220288,5.894785757,-6.729332526,20.9925722
-0.1695898715,1.472916615,-2.082201363,5.853487056,-6.651681595,20.97429274
-0.16825259,1.474014147,-2.084244857,5.811566729,-6.575731861,20.95774731
-0.1670729793,1.475057366,-2.08634859,5.769041168,-6.50192189,20.94315264
-0.1660685582,1.476038027,-2.088510381,5.725926766,-6.430690251,20.9307255
-0.1652568459,1.476947882,-2.090728046,5.682239915,-6.36247551,20.92068264
-0.1646553612,1.477778683,-2.092999406,5.637997008,-6.297716233,20.91324081
-0.1642816232,1.478522184,-2.095322279,5.593214437,-6.236850988,20.90861675
-0.1641531507,1.479170136,-2.097694483,5.547908594,-6.180318342,20.90702724
-0.1641767251,1.479728708,-2.100134796,5.501618341,-6.124916484,20.90745593
-0.164245305,1.480213457,-2.102662116,5.453925793,-6.067340806,20.90870303
-0.1643556757,1.480630216,-2.105274437,5.404912226,-6.007875676,20.91071008
-0.1645046227,1.480984818,-2.107969754,5.354658919,-5.946805463,20.91341862
-0.1646889312,1.481283097,-2.110746063,5.303247147,-5.884414535,20.9167702
-0.1649053866,1.481530886,-2.11360136,5.250758188,-5.820987261,20.92070636
-0.165150774,1.481734019,-2.11653364,5.197273317,-5.756808009,20.92516863
-0.165421879,1.481898329,-2.119540897,5.142873813,-5.692161147,20.93009857
-0.1657154867,1.482029649,-2.122621128,5.087640952,-5.627331045,20.93543772
-0.1660283825,1.482133814,-2.125772328,5.03165601,-5.56260207,20.94112761
-0.1663573517,1.482216657,-2.128992492,4.975000265,-5.498258592,20.94710979
-0.1666991797,1.482284011,-2.132279616,4.917754993,-5.434584978,20.9533258
-0.1670506517,1.482341709,-2.135631695,4.860001471,-5.371865597,20.95971719
-0.1674085531,1.482395586,-2.139046724,4.801820976,-5.310384818,20.96622549
-0.1677696692,1.482451474,-2.142522699,4.743294784,-5.250427008,20.97279224
-0.1681307853,1.482515208,-2.146057615,4.684504173,-5.192276538,20.979359
-0.1684886866,1.48259262,-2.149649467,4.625530419,-5.136217775,20.9858673
-0.1688401587,1.482689545,-2.153296252,4.566454799,-5.082535087,20.99225868
-0.1691819866,1.482811815,-2.156995963,4.50735859,-5.031512843,20.9984747
-0.1695109559,1.482965264,-2.160746597,4.448323068,-4.983435412,21.00445688
-0.1698238517,1.483155726,-2.164546149,4.389429511,-4.938587162,21.01014677
-0.1701174594,1.483389033,-2.168392615,4.330759195,-4.897252461,21.01548591
-0.1703885643,1.483671021,-2.172283989,4.272393397,-4.859715679,21.02041585
-0.1706339518,1.484007521,-2.176218267,4.214413393,-4.826261183,21.02487813
-0.1708504071,1.484404369,-2.180193445,4.156900462,-4.797173342,21.02881429
-0.1710347156,1.484867396,-2.184207517,4.099935878,-4.772736524,21.03216587
-0.1711836626,1.485402437,-2.18825848,4.04360092,-4.753235099,21.03487441
-0.1712940334,1.486015325,-2.192344328,3.987976864,-4.738953434,21.03688146
-0.1713626133,1.486711893,-2.196463058,3.933144986,-4.730175899,21.03812856
-0.1713861877,1.487497975,-2.200612663,3.879186564,-4.72718686,21.03855725
-0.1712155035,1.488429608,-2.204848298,3.82558426,-4.728835689,21.03616962
-0.1707145487,1.489551567,-2.209219994,3.771791196,-4.73368431,21.02917706
-0.1698999695,1.4908528,-2.21371807,3.717844342,-4.741585928,21.01783505
-0.1687884122,1.492322252,-2.218332842,3.663780668,-4.752393747,21.00239907
-0.1673965234,1.493948868,-2.223054629,3.609637142,-4.765960972,20.98312461
-0.1657409492,1.495721595,-2.227873747,3.555450734,-4.782140806,20.96026715
-0.1638383361,1.497629378,-2.232780513,3.501258413,-4.800786455,20.93408217
-0.1617053304,1.499661164,-2.237765246,3.447097149,-4.821751123,20.90482517
-0.1593585785,1.501805897,-2.242818262,3.39300391,-4.844888013,20.87275161
-0.1568147267,1.504052524,-2.247929879,3.339015667,-4.870050331,20.838117
-0.1540904213,1.506389991,-2.253090413,3.285169388,-4.89709128,20.8011768
-0.1512023088,1.508807243,-2.258290183,3.231502042,-4.925864064,20.76218652
-0.1481670354,1.511293226,-2.263519506,3.1780506,-4.956221889,20.72140161
-0.1450012476,1.513836887,-2.268768698,3.12485203,-4.988017958,20.67907759
-0.1417215917,1.51642717,-2.274028078,3.071943301,-5.021105475,20.63546992
-0.138344714,1.519053022,-2.279287962,3.019361384,-5.055337646,20.59083409
-0.1348872608,1.521703388,-2.284538668,2.967143246,-5.090567673,20.54542558
-0.1313658787,1.524367214,-2.289770514,2.915325858,-5.126648763,20.49949988
-0.1277972138,1.527033447,-2.294973815,2.863946189,-5.163434118,20.45331248
-0.1241979125,1.529691031,-2.300138891,2.813041208,-5.200776943,20.40711885
-0.1205846213,1.532328913,-2.305256058,2.762647884,-5.238530443,20.36117448
-0.1169739864,1.534936038,-2.310315633,2.712803186,-5.276547821,20.31573485
-0.1133826543,1.537501353,-2.315307934,2.663544085,-5.314682282,20.27105546
-0.1098272712,1.540013803,-2.320223278,2.614907549,-5.352787031,20.22739177
-0.1063244835,1.542462333,-2.325051982,2.566930547,-5.390715272,20.18499928
-0.1028909376,1.544835891,-2.329784364,2.51965005,-5.428320208,20.14413347
-0.09954327976,1.547123421,-2.334410741,2.473103025,-5.465455045,20.10504983
-0.09629815644,1.549313869,-2.338921431,2.427326442,-5.501972986,20.06800383
-0.09317221394,1.551396181,-2.34330675,2.382357272,-5.537727236,20.03325096
-0.09018209863,1.553359304,-2.347557016,2.338232482,-5.572570999,20.00104671
-0.08723897153,1.555291467,-2.351715919,2.294762014,-5.607263886,19.96985819
-0.0842455829,1.557282453,-2.355833142,2.251736128,-5.642642964,19.93804683
-0.0812059629,1.559323539,-2.359907994,2.209162279,-5.67867762,19.90570951
-0.07812414171,1.561405999,-2.363939782,2.167047918,-5.71533724,19.87294314
-0.07500414949,1.563521107,-2.367927814,2.125400498,-5.752591212,19.83984462
-0.07185001642,1.565660138,-2.371871397,2.084227472,-5.790408923,19.80651085
-0.06866577267,1.567814368,-2.375769841,2.043536293,-5.82875976,19.77303874
-0.06545544841,1.569975071,-2.379622452,2.003334413,-5.867613111,19.73952518
-0.06222307381,1.572133522,-2.383428538,1.963629285,-5.906938361,19.70606708
-0.05897267904,1.574280995,-2.387187408,1.924428362,-5.946704899,19.67276133
-0.05570829427,1.576408766,-2.390898369,1.885739096,-5.986882111,19.63970485
-0.05243394967,1.57850811,-2.394560729,1.847568941,-6.027439385,19.60699453
-0.04915367542,1.580570301,-2.398173795,1.809925347,-6.068346107,19.57472727
-0.04587150169,1.582586615,-2.401736877,1.77281577,-6.109571665,19.54299997
-0.04259145863,1.584548325,-2.405249281,1.73624766,-6.151085446,19.51190955
-0.03931757644,1.586446707,-2.408710315,1.700228471,-6.192856837,19.48155289
-0.03605388527,1.588273037,-2.412119287,1.664765655,-6.234855225,19.4520269
-0.0328044153,1.590018587,-2.415475506,1.629866666,-6.277049997,19.42342848
-0.0295731967,1.591674635,-2.418778279,1.595538955,-6.31941054,19.39585453
-0.02636425964,1.593232453,-2.422026913,1.561789976,-6.361906242,19.36940196
-0.02318163429,1.594683318,-2.425220717,1.528627181,-6.404506489,19.34416767
-0.02002935082,1.596018503,-2.428358998,1.496058022,-6.447180669,19.32024856
-0.01691143941,1.597229285,-2.431441065,1.464089954,-6.489898169,19.29774152
-0.01383193021,1.598306937,-2.434466225,1.432730427,-6.532628375,19.27674347
-0.01079485342,1.599242735,-2.437433786,1.401986895,-6.575340675,19.25735129
-0.007804239186,1.600027953,-2.440343056,1.371866811,-6.618004456,19.23966191
-0.00486411769,1.600653867,-2.443193343,1.342377626,-6.660589105,19.22377221
-0.001978519102,1.601111751,-2.445983954,1.313526795,-6.703064009,19.20977909
0.0008485264086,1.601392879,-2.448714198,1.285321769,-6.745398556,19.19777947
0.00361298867,1.601488528,-2.451383382,1.257770002,-6.787562132,19.18787024
0.006393226084,1.601477858,-2.453995662,1.230867787,-6.831638598,19.17941692
0.009257412463,1.601447123,-2.456551926,1.204638853,-6.879383199,19.1716982
0.01218624075,1.601398234,-2.459046586,1.1791318,-6.930272392,19.16468067
0.0151604039,1.601333101,-2.46147405,1.154395229,-6.983782639,19.15833094
0.01816059486,1.601253635,-2.463828728,1.130477742,-7.0393904,19.15261563
0.02116750656,1.601161749,-2.46610503,1.107427941,-7.096572133,19.14750135
0.02416183196,1.601059352,-2.468297365,1.085294426,-7.154804298,19.14295471
0.027124264,1.600948355,-2.470400142,1.064125799,-7.213563356,19.1389423
0.03003549564,1.60083067,-2.472407772,1.043970661,-7.272325767,19.13543076
0.03287621981,1.600708208,-2.474314664,1.024877613,-7.330567989,19.13238667
0.03562712946,1.600582879,-2.476115228,1.006895257,-7.387766483,19.12977666
0.03826891755,1.600456594,-2.477803873,0.9900721944,-7.443397709,19.12756734
0.040782277,1.600331265,-2.479375008,0.9744570258,-7.496938126,19.12572531
0.04314790078,1.600208803,-2.480823044,0.9600983528,-7.547864194,19.12421718
0.04534648183,1.600091118,-2.482142389,0.9470447767,-7.595652373,19.12300956
0.0473587131,1.599980121,-2.483327454,0.9353448989,-7.639779123,19.12206907
0.04916528752,1.599877724,-2.484372649,0.9250473205,-7.679720903,19.12136231
0.05074689805,1.599785837,-2.485272382,0.9162006429,-7.714954174,19.12085589
0.05208423764,1.599706372,-2.486021063,0.9088534675,-7.744955394,19.12051642
0.05315799922,1.599641239,-2.486613102,0.9030543954,-7.769201025,19.12031051
0.05394887575,1.59959235,-2.487042908,0.898852028,-7.787167525,19.12020477
0.05443756018,1.599561615,-2.487304892,0.8962949666,-7.798331355,19.12016582
0.05460474544,1.599550945,-2.487393462,0.8954318126,-7.802168973,19.12016025