T1P1T09_hyoid_data.tx,T1P1T09_hyoid_data.ty,T1P1T09_hyoid_data.tz,T1P1T09_hyoid_data.rx,T1P1T09_hyoid_data.ry,T1P1T09_hyoid_data.rz
2.632442043,-0.4111387483,0.1349210851,-6.633627162,-23.79330944,34.06589672
2.632442043,-0.4111387483,0.1349210851,-6.633627162,-23.79330944,34.06589672
2.632657494,-0.4110274668,0.1340055627,-6.583495501,-23.81200056,34.05843463
2.633270701,-0.410700439,0.131363551,-6.438419669,-23.865871,34.03644589
2.634231945,-0.4101678902,0.1271518832,-6.206378395,-23.9516164,34.00052675
2.635491505,-0.4094400454,0.1215273928,-5.895350407,-24.06593238,33.9512735
2.636999662,-0.4085271297,0.1146469128,-5.513314432,-24.20551457,33.88928241
2.638706698,-0.4074393682,0.1066672767,-5.068249197,-24.36705862,33.81514975
2.640562891,-0.4061869862,0.09774531776,-4.568133432,-24.54726013,33.72947179
2.642518524,-0.4047802087,0.08803786917,-4.020945863,-24.74281475,33.63284481
2.644523876,-0.4032292608,0.07770176427,-3.434665219,-24.95041811,33.52586508
2.646529229,-0.4015443677,0.06689383633,-2.817270227,-25.16676582,33.40912887
2.648484861,-0.3997357545,0.05577091863,-2.176739615,-25.38855354,33.28323245
2.650341055,-0.3978136463,0.04448984447,-1.521052111,-25.61247687,33.1487721
2.652048091,-0.3957882683,0.03320744712,-0.8581864429,-25.83523147,33.00634409
2.653556248,-0.3936698455,0.02208055987,-0.1961213383,-26.05351294,32.8565447
2.654815808,-0.3914686032,0.01126601601,0.4571644749,-26.26401693,32.69997019
2.655777052,-0.3891947663,0.0009206488087,1.093692269,-26.46343907,32.53721684
2.656390258,-0.3868585602,-0.008798708442,1.705483316,-26.64847498,32.36888092
2.656605709,-0.3844702097,-0.01773522246,2.284558888,-26.81582029,32.19555871
2.656555953,-0.38200974,-0.0262801714,2.866453539,-26.97221824,32.0185679
2.656411194,-0.3794546164,-0.03492223085,3.489187275,-27.12672395,31.83882042
2.656178198,-0.3768112254,-0.04365066369,4.148509547,-27.27950093,31.65630385
2.65586373,-0.3740859532,-0.05245473278,4.840169805,-27.43071268,31.47100579
2.655474556,-0.3712851862,-0.06132370099,5.559917499,-27.58052269,31.28291382
2.655017441,-0.3684153105,-0.0702468312,6.30350208,-27.72909446,31.09201554
2.654499152,-0.3654827125,-0.07921338627,7.066672998,-27.87659149,30.89829854
2.653926452,-0.3624937786,-0.08821262908,7.845179704,-28.02317727,30.70175041
2.653306109,-0.3594548948,-0.0972338225,8.634771648,-28.16901532,30.50235874
2.652644887,-0.3563724477,-0.1062662294,9.431198281,-28.31426911,30.30011113
2.651949551,-0.3532528234,-0.1152991126,10.23020905,-28.45910216,30.09499515
2.651226869,-0.3501024083,-0.1243217351,11.02755341,-28.60367796,29.88699841
2.650483604,-0.3469275885,-0.1333233596,11.81898082,-28.74816,29.67610849
2.649726522,-0.3437347505,-0.1422932491,12.60024071,-28.89271179,29.46231299
2.648962389,-0.3405302806,-0.1512206664,13.36708254,-29.03749683,29.24559949
2.648197971,-0.3373205649,-0.1600948745,14.11525577,-29.1826786,29.0259556
2.647440032,-0.3341119898,-0.1689051361,14.84050983,-29.32842062,28.80336889
2.646695339,-0.3309109416,-0.1776407141,15.53859419,-29.47488637,28.57782696
2.645970657,-0.3277238065,-0.1862908714,16.20525829,-29.62223937,28.3493174
2.645272751,-0.324556971,-0.194844871,16.83625159,-29.77064309,28.1178278
2.644608387,-0.3214168211,-0.2032919755,17.42732353,-29.92026105,27.88334575
2.643984331,-0.3183097433,-0.211621448,17.97422356,-30.07125674,27.64585884
2.643407347,-0.3152421239,-0.2198225513,18.47270113,-30.22379365,27.40535467
2.642884201,-0.312220349,-0.2278845483,18.91850571,-30.3780353,27.16182083
2.64242166,-0.3092508051,-0.2357967018,19.30738672,-30.53414516,26.9152449
2.642026488,-0.3063398784,-0.2435482746,19.63509364,-30.69228676,26.66561448
2.64170545,-0.3034939551,-0.2511285298,19.8973759,-30.85262357,26.41291715
2.641465314,-0.3007194217,-0.2585267301,20.08998295,-31.0153191,26.15714052
2.641312842,-0.2980226643,-0.2657321384,20.20866425,-31.18053685,25.89827216
2.641254803,-0.2954100693,-0.2727340176,20.24916926,-31.34844031,25.63629968
2.641246516,-0.2928783035,-0.2795517115,20.19440491,-31.52058771,25.37112317
2.641238782,-0.2904165659,-0.2862152245,20.03509045,-31.6981194,25.10267193
2.641231581,-0.2880200405,-0.2927298108,19.77869374,-31.88057202,24.83097732
2.641224894,-0.2856839117,-0.2991007241,19.43268265,-32.06748225,24.55607071
2.641218703,-0.2834033635,-0.3053332186,19.00452505,-32.25838674,24.27798347
2.641212987,-0.2811735802,-0.3114325483,18.50168879,-32.45282216,23.99674694
2.641207728,-0.2789897459,-0.317403967,17.93164174,-32.65032517,23.71239251
2.641202907,-0.2768470448,-0.3232527289,17.30185177,-32.85043242,23.42495154
2.641198505,-0.2747406611,-0.3289840878,16.61978674,-33.05268058,23.13445539
2.641194504,-0.272665779,-0.3346032978,15.89291453,-33.25660631,22.84093543
2.641190882,-0.2706175826,-0.3401156128,15.12870298,-33.46174628,22.54442302
2.641187623,-0.2685912562,-0.3455262869,14.33461998,-33.66763713,22.24494952
2.641184706,-0.2665819839,-0.350840574,13.51813338,-33.87381555,21.94254631
2.641182114,-0.2645849498,-0.3560637281,12.68671105,-34.07981818,21.63724475
2.641179825,-0.2625953383,-0.3612010031,11.84782085,-34.28518169,21.3290762
2.641177823,-0.2606083334,-0.3662576532,11.00893065,-34.48944273,21.01807202
2.641176087,-0.2586191193,-0.3712389322,10.17750832,-34.69213798,20.70426359
2.641174598,-0.2566228802,-0.3761500942,9.361021721,-34.8928041,20.38768226
2.641173338,-0.2546148003,-0.3809963931,8.566938716,-35.09097773,20.06835941
2.641172288,-0.2525900638,-0.385783083,7.802727172,-35.28619555,19.74632639
2.641171428,-0.2505438549,-0.3905154177,7.075854954,-35.47799422,19.42161458
2.641170739,-0.2484713577,-0.3951986513,6.393789928,-35.6659104,19.09425533
2.641170203,-0.2463677564,-0.3998380378,5.763999958,-35.84948074,18.76428002
2.6411698,-0.2442282352,-0.4044388312,5.193952911,-36.02824192,18.43172
2.641169511,-0.2420479782,-0.4090062854,4.691116651,-36.20173059,18.09660664
2.641169317,-0.2398221698,-0.4135456544,4.262959043,-36.36948341,17.75897131
2.6411692,-0.2375459939,-0.4180621922,3.916947953,-36.53103705,17.41884538
2.64116914,-0.2352146349,-0.4225611529,3.660551246,-36.68592817,17.0762602
2.641169118,-0.2328232769,-0.4270477903,3.501236788,-36.83369342,16.73124714
2.641169114,-0.2303671041,-0.4315273585,3.446472442,-36.97386948,16.38383757
2.641182838,-0.2278437321,-0.4360682809,3.447432282,-37.11068759,16.0308214
2.641223124,-0.2252566905,-0.4407279658,3.450362891,-37.24854517,15.66933207
2.641288645,-0.2226100342,-0.4454951443,3.455340903,-37.38722805,15.29991623
2.641378071,-0.2199078182,-0.4503585477,3.462442953,-37.52652209,14.92312052
2.641490075,-0.2171540974,-0.455306907,3.471745676,-37.66621314,14.53949159
2.641623329,-0.2143529268,-0.4603289535,3.483325704,-37.80608705,14.14957609
2.641776505,-0.2115083612,-0.4654134184,3.497259673,-37.94592968,13.75392067
2.641948275,-0.2086244557,-0.4705490328,3.513624218,-38.08552688,13.35307198
2.64213731,-0.2057052653,-0.475724528,3.532495972,-38.2246645,12.94757667
2.642342282,-0.2027548447,-0.480928635,3.553951569,-38.3631284,12.53798138
2.642561864,-0.1997772491,-0.4861500851,3.578067645,-38.50070441,12.12483276
2.642794726,-0.1967765333,-0.4913776095,3.604920833,-38.63717841,11.70867746
2.643039542,-0.1937567522,-0.4965999394,3.634587768,-38.77233623,11.29006214
2.643294983,-0.1907219609,-0.5018058059,3.667145084,-38.90596374,10.86953343
2.64355972,-0.1876762143,-0.5069839401,3.702669415,-39.03784678,10.44763799
2.643832426,-0.1846235673,-0.5121230734,3.741237396,-39.16777121,10.02492246
2.644111773,-0.1815680748,-0.5172119368,3.782925661,-39.29552288,9.601933495
2.644396432,-0.1785137918,-0.5222392616,3.827810845,-39.42088763,9.179217743
2.644685076,-0.1754647733,-0.527193779,3.875969581,-39.54365133,8.75732185
2.644976375,-0.1724250742,-0.53206422,3.927478505,-39.66359983,8.336792466
2.645269003,-0.1693987495,-0.5368393159,3.982414249,-39.78051897,7.918176239
2.645561631,-0.166389854,-0.5415077979,4.04085345,-39.89419461,7.502019817
2.645852931,-0.1634024428,-0.5460583972,4.10287274,-40.00441261,7.088869848
2.646141574,-0.1604405707,-0.5504798448,4.168548755,-40.11095881,6.679272981
2.646426234,-0.1575082928,-0.5547608721,4.237958129,-40.21361906,6.273775865
2.64670558,-0.1546096639,-0.5588902102,4.311177495,-40.31217923,5.872925147
2.646978286,-0.1517487391,-0.5628565903,4.388283489,-40.40642515,5.477267476
2.647243024,-0.1489295732,-0.5666487435,4.469352745,-40.49614269,5.087349501
2.647498464,-0.1461562213,-0.5702554011,4.554461897,-40.58111769,4.703717869
2.64774328,-0.1434327381,-0.5736652942,4.643687579,-40.66113602,4.32691923
2.647976143,-0.1407631788,-0.576867154,4.737106426,-40.73598351,3.957500232
2.648195725,-0.1381515982,-0.5798497117,4.834795072,-40.80544602,3.596007522
2.648400697,-0.1356020514,-0.5826016984,4.936830151,-40.86930941,3.24298775
2.648589732,-0.1331185931,-0.5851118454,5.043288298,-40.92735953,2.898987564
2.648761501,-0.1307052785,-0.5873688838,5.154246147,-40.97938222,2.564553612
2.648914677,-0.1283661623,-0.5893615448,5.269780332,-41.02516335,2.240232542
2.649047931,-0.1261052997,-0.5910785596,5.389967488,-41.06448875,1.926571004
2.649159935,-0.1239267454,-0.5925086594,5.514884249,-41.0971443,1.624115644
2.649249362,-0.1218345545,-0.5936405753,5.64460725,-41.12291583,1.333413113
2.649314882,-0.1198327819,-0.5944630385,5.779213124,-41.1415892,1.055010058
2.649355168,-0.1179254826,-0.5949647802,5.918778506,-41.15295027,0.7894531268
2.649368892,-0.1161167115,-0.5951345317,6.06338003,-41.15678488,0.5372889689
2.649335768,-0.1143939108,-0.5950151192,6.2167252,-41.15314202,0.2959324957
2.649237904,-0.1127403032,-0.5946618124,6.382074385,-41.14236617,0.06230460432
2.649077566,-0.1111536142,-0.5940820074,6.558833521,-41.12468644,-0.1637890784
2.648857017,-0.1096315693,-0.5932831004,6.746408544,-41.10033195,-0.382542926
2.648578522,-0.1081718941,-0.5922724873,6.944205387,-41.06953182,-0.5941513115
2.648244346,-0.1067723142,-0.5910575644,7.151629988,-41.03251514,-0.7988086085
2.647856752,-0.1054305551,-0.5896457276,7.368088281,-40.98951104,-0.9967091902
2.647418006,-0.1041443424,-0.5880443732,7.592986201,-40.94074863,-1.18804743
2.64693037,-0.1029114015,-0.5862608971,7.825729684,-40.88645701,-1.373017701
2.646396111,-0.1017294581,-0.5843026955,8.065724665,-40.82686531,-1.551814377
2.645817492,-0.1005962376,-0.5821771644,8.31237708,-40.76220262,-1.724631831
2.645196778,-0.0995094657,-0.5798917,8.565092863,-40.69269808,-1.891664436
2.644536233,-0.09846686788,-0.5774536983,8.823277951,-40.61858078,-2.053106566
2.643838121,-0.09746616969,-0.5748705555,9.086338278,-40.54007984,-2.209152594
2.643104707,-0.09650509668,-0.5721496676,9.35367978,-40.45742437,-2.359996893
2.642338255,-0.09558137439,-0.5692984307,9.624708391,-40.37084348,-2.505833837
2.64154103,-0.09469272838,-0.566324241,9.898830049,-40.28056629,-2.646857799
2.640715296,-0.09383688418,-0.5632344944,10.17545069,-40.18682191,-2.783263152
2.639863317,-0.09301156736,-0.5600365872,10.45397624,-40.08983945,-2.91524427
2.638987357,-0.09221450345,-0.5567379153,10.73381265,-39.98984802,-3.042995526
2.638089682,-0.091443418,-0.553345875,11.01436584,-39.88707673,-3.166711293
2.637172556,-0.09069603657,-0.5498678622,11.29504175,-39.7817547,-3.286585945
2.636238242,-0.08997008469,-0.5463112731,11.57524632,-39.67411104,-3.402813854
2.635289005,-0.08926328792,-0.5426835037,11.85438549,-39.56437486,-3.515589395
2.63432711,-0.0885733718,-0.5389919502,12.13186518,-39.45277527,-3.625106941
2.633354821,-0.08789806189,-0.5352440087,12.40709134,-39.33954139,-3.731560864
2.632374403,-0.08723508372,-0.5314470752,12.67946989,-39.22490233,-3.835145539
2.631388119,-0.08658216284,-0.5276085459,12.94840678,-39.10908719,-3.936055338
2.630398235,-0.08593702481,-0.5237358167,13.21330794,-38.99232509,-4.034484635
2.629407014,-0.08529739517,-0.5198362839,13.4735793,-38.87484515,-4.130627803
2.628416721,-0.08466099947,-0.5159173435,13.7286268,-38.75687648,-4.224679216
2.62742962,-0.08402556326,-0.5119863916,13.97785638,-38.63864818,-4.316833247
2.626447976,-0.08338881207,-0.5080508244,14.22067396,-38.52038937,-4.407284269
2.625474053,-0.08274847147,-0.5041180378,14.4564855,-38.40232917,-4.496226656
2.624510115,-0.082102267,-0.500195428,14.68469691,-38.28469668,-4.58385478
2.623558428,-0.0814479242,-0.496290391,14.90471414,-38.16772101,-4.670363015
2.622621254,-0.08078316862,-0.4924103231,15.11594313,-38.05163129,-4.755945735
2.621700859,-0.08010572581,-0.4885626202,15.3177898,-37.93665661,-4.840797313
2.620799508,-0.07941332133,-0.4847546784,15.50966009,-37.8230261,-4.925112122
2.619919463,-0.0787036807,-0.4809938939,15.69095994,-37.71096886,-5.009084536
2.61906299,-0.07797452949,-0.4772876628,15.86109529,-37.60071401,-5.092908927
2.618232354,-0.07722359324,-0.473643381,16.01947206,-37.49249066,-5.17677967
2.617429818,-0.0764485975,-0.4700684448,16.1654962,-37.38652792,-5.260891137
2.616657647,-0.07564726781,-0.4665702503,16.29857363,-37.28305491,-5.345437701
2.615918105,-0.07481732973,-0.4631561934,16.4181103,-37.18230073,-5.430613737
2.615213457,-0.07395650879,-0.4598336703,16.52351214,-37.0844945,-5.516613617
2.614545967,-0.07306253056,-0.4566100772,16.61418509,-36.98986532,-5.603631715
2.613917899,-0.07213312057,-0.45349281,16.68953508,-36.89864232,-5.691862404
2.613311208,-0.07114975635,-0.4503904421,16.7532237,-36.80843446,-5.777833714
2.612707173,-0.07010009342,-0.4472114189,16.80962612,-36.716798,-5.858075798
2.612107054,-0.06899112425,-0.4439629448,16.85921864,-36.623883,-5.932786217
2.611512105,-0.06782984133,-0.4406522243,16.90247754,-36.5298395,-6.002162528
2.610923584,-0.06662323716,-0.4372864619,16.93987911,-36.43481757,-6.066402293
2.610342749,-0.06537830422,-0.4338728619,16.97189965,-36.33896726,-6.12570307
2.609770855,-0.06410203501,-0.4304186287,16.99901545,-36.24243862,-6.180262419
2.60920916,-0.06280142201,-0.4269309669,17.0217028,-36.14538172,-6.2302779
2.60865892,-0.06148345772,-0.4234170807,17.04043799,-36.04794659,-6.275947071
2.608121392,-0.06015513462,-0.4198841747,17.0556973,-35.95028331,-6.317467493
2.607597834,-0.05882344521,-0.4163394533,17.06795705,-35.85254192,-6.355036725
2.607089502,-0.05749538197,-0.4127901209,17.0776935,-35.75487249,-6.388852326
2.606597652,-0.05617793739,-0.4092433819,17.08538297,-35.65742505,-6.419111857
2.606123542,-0.05487810397,-0.4057064408,17.09150173,-35.56034968,-6.446012875
2.605668429,-0.05360287419,-0.402186502,17.09652607,-35.46379641,-6.469752942
2.605233569,-0.05235924055,-0.3986907698,17.1009323,-35.36791532,-6.490529616
2.604820219,-0.05115419553,-0.3952264488,17.1051967,-35.27285645,-6.508540458
2.604429637,-0.04999473163,-0.3918007434,17.10979556,-35.17876987,-6.523983025
2.604063078,-0.04888784132,-0.388420858,17.11520517,-35.08580561,-6.537054879
2.6037218,-0.04784051712,-0.3850939969,17.12190182,-34.99411374,-6.547953578
2.60340706,-0.04685975149,-0.3818273648,17.13036182,-34.90384432,-6.556876682
2.603120114,-0.04595253694,-0.3786281659,17.14106144,-34.81514739,-6.564021751
2.60286222,-0.04512586595,-0.3755036047,17.15447697,-34.72817302,-6.569586344
2.602634633,-0.04438673102,-0.3724608856,17.17108472,-34.64307126,-6.57376802
2.602438612,-0.04374212463,-0.3695072131,17.19136097,-34.55999216,-6.576764339
2.602275413,-0.04319903927,-0.3666497916,17.21578201,-34.47908578,-6.578772861
2.602146292,-0.04276446743,-0.3638958255,17.24482414,-34.40050217,-6.579991144
2.602052507,-0.04244540161,-0.3612525192,17.27896363,-34.32439139,-6.580616749
2.601995314,-0.04224883429,-0.3587270772,17.3186768,-34.25090349,-6.580847235
2.60197597,-0.04218175797,-0.3563267038,17.36443992,-34.18018853,-6.580880162
2.602012062,-0.04235697986,-0.3540595944,17.41550309,-34.1118492,-6.569525632
2.602117056,-0.04286890752,-0.3519238701,17.47062857,-34.04535671,-6.536211887
2.602286031,-0.04369693397,-0.3499116248,17.52956091,-33.98066391,-6.482063693
2.602514066,-0.04482045219,-0.3480149522,17.59204468,-33.91772364,-6.408205819
2.602796238,-0.04621885518,-0.3462259461,17.65782443,-33.85648874,-6.315763031
2.603127626,-0.04787153594,-0.3445367,17.72664473,-33.79691207,-6.205860096
2.603503308,-0.04975788746,-0.3429393079,17.79825013,-33.73894646,-6.079621783
2.603918363,-0.05185730276,-0.3414258634,17.87238519,-33.68254476,-5.938172857
2.60436787,-0.05414917482,-0.3399884603,17.94879447,-33.62765981,-5.782638086
2.604846906,-0.05661289664,-0.3386191924,18.02722253,-33.57424447,-5.614142238
2.60535055,-0.05922786123,-0.3373101532,18.10741392,-33.52225156,-5.433810079
2.605873881,-0.06197346157,-0.3360534366,18.1891132,-33.47163395,-5.242766376
2.606411976,-0.06482909067,-0.3348411364,18.27206494,-33.42234447,-5.042135898
2.606959915,-0.06777414153,-0.3336653462,18.35601369,-33.37433596,-4.83304341
2.607512775,-0.07078800714,-0.3325181598,18.44070401,-33.32756128,-4.616613681
2.608065635,-0.0738500805,-0.331391671,18.52588046,-33.28197326,-4.393971477
2.608613574,-0.07693975462,-0.3302779734,18.6112876,-33.23752476,-4.166241566
2.609151669,-0.08003642248,-0.3291691608,18.69666998,-33.19416861,-3.934548715
2.609674999,-0.08311947708,-0.3280573269,18.78177216,-33.15185766,-3.700017691
2.610178644,-0.08616831143,-0.3269345656,18.86633871,-33.11054476,-3.463773261
2.61065768,-0.08916231853,-0.3257929704,18.95011418,-33.07018274,-3.226940192
2.611107186,-0.09208089136,-0.3246246352,19.03284312,-33.03072446,-2.990643252
2.611522241,-0.09490342294,-0.3234216537,19.11427011,-32.99212276,-2.756007208
2.611897924,-0.09760930625,-0.3221761196,19.19413969,-32.95433048,-2.524156827
2.612229312,-0.1001779343,-0.3208801267,19.27219643,-32.91730047,-2.296216876
2.612511484,-0.1025887001,-0.3195257686,19.34818488,-32.88098557,-2.073312123
2.612739518,-0.1048209966,-0.3181051392,19.4218496,-32.84533863,-1.856567334
2.612908493,-0.1068542168,-0.3166103322,19.49293515,-32.81031249,-1.647107276
2.613013487,-0.1086677538,-0.3150334413,19.56118609,-32.77585999,-1.446056718
2.613049579,-0.1102410005,-0.3133665602,19.62634698,-32.74193399,-1.254540426
2.612950185,-0.1116534205,-0.3115691804,19.69076455,-32.70856496,-1.061297461
2.612661036,-0.1129990982,-0.3096161953,19.75677894,-32.6758377,-0.8552238532
2.612195689,-0.1142793575,-0.3075228017,19.82412483,-32.64378658,-0.6376798261
2.611567695,-0.1154955222,-0.3053041965,19.89253689,-32.61244592,-0.4100256021
2.61079061,-0.1166489162,-0.3029755765,19.96174981,-32.58185009,-0.1736214037
2.609877986,-0.1177408634,-0.3005521385,20.03149826,-32.55203341,0.07017254648
2.608843378,-0.1187726878,-0.2980490794,20.10151692,-32.52303025,0.3199960257
2.607700339,-0.1197457132,-0.295481596,20.17154047,-32.49487494,0.5744888114
2.606462424,-0.1206612636,-0.2928648852,20.24130359,-32.46760182,0.8322906809
2.605143186,-0.1215206628,-0.2902141438,20.31054095,-32.44124526,1.092041412
2.603756178,-0.1223252347,-0.2875445685,20.37898722,-32.41583958,1.352380781
2.602314956,-0.1230763033,-0.2848713563,20.4463771,-32.39141913,1.611948566
2.600833072,-0.1237751924,-0.282209704,20.51244526,-32.36801827,1.869384545
2.59932408,-0.124423226,-0.2795748085,20.57692636,-32.34567133,2.123328494
2.597801534,-0.1250217279,-0.2769818664,20.6395551,-32.32441266,2.372420192
2.596278989,-0.1255720221,-0.2744460748,20.70006615,-32.30427661,2.615299414
2.594769997,-0.1260754324,-0.2719826304,20.75819419,-32.28529752,2.85060594
2.593288113,-0.1265332828,-0.26960673,20.81367389,-32.26750973,3.076979546
2.59184689,-0.1269468971,-0.2673335705,20.86623994,-32.2509476,3.293060009
2.590459883,-0.1273175993,-0.2651783487,20.915627,-32.23564546,3.497487108
2.589140645,-0.1276467132,-0.2631562615,20.96156976,-32.22163767,3.688900618
2.587902729,-0.1279355628,-0.2612825057,21.0038029,-32.20895856,3.865940319
2.586759691,-0.128185472,-0.2595722781,21.04206109,-32.19764249,4.027245986
2.585725083,-0.1283977646,-0.2580407756,21.07607902,-32.18772379,4.171457398
2.584812459,-0.1285737645,-0.256703195,21.10559135,-32.17923682,4.297214331
2.584035373,-0.1287147957,-0.2555747331,21.13033277,-32.17221592,4.403156564
2.58340738,-0.1288221821,-0.2546705867,21.15003795,-32.16669543,4.487923874
2.582942032,-0.1288972476,-0.2540059528,21.16444157,-32.1627097,4.550156037
2.582652884,-0.128941316,-0.2535960281,21.17327832,-32.16029308,4.588492831
2.582553489,-0.1289557112,-0.2534560094,21.17628286,-32.15947991,4.601574035
2.582684263,-0.1288605544,-0.2535281658,21.16777185,-32.16114396,4.601548657
2.583064695,-0.1285823928,-0.2537390635,21.14256369,-32.16603494,4.601371013
2.583676953,-0.1281321897,-0.2540803455,21.10114568,-32.17400112,4.600888836
2.584503205,-0.1275209085,-0.2545436546,21.04400512,-32.18489076,4.599949861
2.585525616,-0.1267595126,-0.2551206338,20.97162931,-32.19855211,4.598401821
2.586726355,-0.1258589653,-0.2558029259,20.88450555,-32.21483343,4.596092449
2.58808759,-0.12483023,-0.2565821739,20.78312113,-32.23358297,4.592869479
2.589591486,-0.1236842699,-0.2574500206,20.66796337,-32.25464901,4.588580646
2.591220211,-0.1224320485,-0.2583981089,20.53951955,-32.27787978,4.583073683
2.592955933,-0.1210845291,-0.2594180818,20.39827698,-32.30312356,4.576196323
2.594780819,-0.119652675,-0.2605015821,20.24472295,-32.33022861,4.5677963
2.596677036,-0.1181474497,-0.2616402528,20.07934478,-32.35904317,4.557721348
2.598626752,-0.1165798163,-0.2628257367,19.90262975,-32.3894155,4.545819201
2.600612132,-0.1149607384,-0.2640496767,19.71506516,-32.42119388,4.531937593
2.602615346,-0.1133011792,-0.2653037158,19.51713832,-32.45422655,4.515924257
2.604618559,-0.111612102,-0.2665794968,19.30933653,-32.48836177,4.497626927
2.60660394,-0.1099044703,-0.2678686626,19.09214709,-32.5234478,4.476893336
2.608553655,-0.1081892474,-0.2691628561,18.86605729,-32.55933289,4.453571219
2.610449872,-0.1064773966,-0.2704537203,18.63155443,-32.59586532,4.427508309
2.612274758,-0.1047798812,-0.271732898,18.38912582,-32.63289333,4.398552339
2.61401048,-0.1031076647,-0.2729920321,18.13925875,-32.67026518,4.366551044
2.615639206,-0.1014717104,-0.2742227656,17.88244053,-32.70782913,4.331352158
2.617143102,-0.09988298157,-0.2754167412,17.61915845,-32.74543345,4.292803414
2.618504336,-0.09835244161,-0.276565602,17.34989982,-32.78292638,4.250752545
2.619705076,-0.09689105386,-0.2776609908,17.07515193,-32.82015618,4.205047286
2.620727487,-0.09550978167,-0.2786945505,16.79540208,-32.85697112,4.15553537
2.621553738,-0.09421958839,-0.2796579241,16.51113758,-32.89321945,4.102064531
2.622165997,-0.09303143736,-0.2805427543,16.22284572,-32.92874943,4.044482503
2.622546429,-0.09195629194,-0.2813406842,15.9310138,-32.96340932,3.982637019
2.622677202,-0.09100511547,-0.2820433566,15.63612912,-32.99704738,3.916375813
2.622572818,-0.09012814887,-0.2826872344,15.31942498,-33.0312585,3.840777962
2.622267625,-0.08926888672,-0.2833141258,14.96411824,-33.06760596,3.751606101
2.621773567,-0.08842817284,-0.2839236909,14.57367159,-33.1058906,3.649733299
2.621102586,-0.08760685103,-0.2845155902,14.15154771,-33.14591325,3.536032623
2.620266625,-0.08680576513,-0.2850894839,13.70120929,-33.18747473,3.411377142
2.619277628,-0.08602575896,-0.2856450324,13.226119,-33.2303759,3.276639926
2.618147536,-0.08526767633,-0.286181896,12.72973953,-33.27441757,3.132694042
2.616888292,-0.08453236106,-0.286699735,12.21553356,-33.31940059,2.980412561
2.615511839,-0.08382065697,-0.2871982098,11.68696376,-33.36512578,2.820668549
2.614030119,-0.08313340788,-0.2876769807,11.14749284,-33.41139398,2.654335077
2.612455076,-0.08247145762,-0.288135708,10.60058345,-33.45800603,2.482285212
2.610798652,-0.08183564999,-0.2885740521,10.04969829,-33.50476275,2.305392024
2.609072789,-0.08122682883,-0.2889916732,9.498300043,-33.55146498,2.124528581
2.607289431,-0.08064583794,-0.2893882318,8.949851383,-33.59791355,1.940567951
2.60546052,-0.08009352115,-0.2897633881,8.407814996,-33.64390931,1.754383205
2.603597999,-0.07957072228,-0.2901168024,7.875653563,-33.68925307,1.566847409
2.60171381,-0.07907828515,-0.2904481352,7.356829765,-33.73374567,1.378833634
2.599819896,-0.07861705358,-0.2907570467,6.854806286,-33.77718795,1.191214947
2.597928201,-0.07818787138,-0.2910431972,6.373045806,-33.81938074,1.004864417
2.596050665,-0.07779158238,-0.2913062472,5.915011008,-33.86012488,0.8206551137
2.594199233,-0.07742903039,-0.2915458568,5.484164574,-33.89922119,0.639460105
2.592385847,-0.07710105924,-0.2917616865,5.083969185,-33.93647051,0.4621524598
2.59062245,-0.07680851275,-0.2919533966,4.717887523,-33.97167368,0.2896052467
2.588920983,-0.07655223472,-0.2921206474,4.389382271,-34.00463152,0.1226915345
2.587293391,-0.07633306899,-0.2922630992,4.101916109,-34.03514487,-0.03771560814
2.585751616,-0.07615185938,-0.2923804123,3.858951721,-34.06301457,-0.1907431125
2.584307599,-0.0760094497,-0.2924722472,3.663951787,-34.08804144,-0.3355179099
2.582973285,-0.07590668376,-0.292538264,3.52037899,-34.11002633,-0.4711669316
2.581760616,-0.0758444054,-0.2925781232,3.431696012,-34.12877006,-0.5968171089
2.580681534,-0.07582345844,-0.2925914851,3.401365535,-34.14407347,-0.7115953731
2.57971655,-0.07636345121,-0.2925707461,3.438923974,-34.15714477,-0.8163006485
2.578834035,-0.07793433929,-0.2925081728,3.548184887,-34.16934499,-0.9127054724
2.578027727,-0.08046248729,-0.2924032308,3.72402667,-34.18070415,-1.001397196
2.577291363,-0.08387425984,-0.2922553857,3.961327716,-34.19125231,-1.082963169
2.576618679,-0.08809602155,-0.2920641029,4.254966421,-34.20101949,-1.157990743
2.576003414,-0.09305413704,-0.2918288482,4.599821179,-34.21003574,-1.227067268
2.575439304,-0.09867497095,-0.291549087,4.990770385,-34.21833108,-1.290780095
2.574920086,-0.1048848879,-0.291224285,5.422692433,-34.22593557,-1.349716576
2.574439497,-0.1116102525,-0.2908539077,5.890465719,-34.23287923,-1.40446406
2.573991274,-0.1187774293,-0.2904374207,6.388968636,-34.2391921,-1.455609899
2.573569154,-0.1263127831,-0.2899742895,6.91307958,-34.24490422,-1.503741443
2.573166875,-0.1341426783,-0.2894639798,7.457676945,-34.25004564,-1.549446043
2.572778173,-0.1421934797,-0.2889059571,8.017639127,-34.25464637,-1.59331105
2.572396785,-0.1503915519,-0.2882996869,8.587844519,-34.25873648,-1.635923814
2.572016449,-0.1586632594,-0.2876446349,9.163171516,-34.26234598,-1.677871687
2.571630902,-0.166934967,-0.2869402666,9.738498513,-34.26550492,-1.719742018
2.571233879,-0.1751330391,-0.2861860476,10.30870391,-34.26824333,-1.762122159
2.57081912,-0.1831838405,-0.2853814434,10.86866609,-34.27059126,-1.805599461
2.57038036,-0.1910137358,-0.2845259197,11.41326345,-34.27257874,-1.850761274
2.569911337,-0.1985490895,-0.283618942,11.9373744,-34.27423581,-1.898194949
2.569405787,-0.2057162664,-0.2826599758,12.43587731,-34.2755925,-1.948487837
2.568857448,-0.212441631,-0.2816484868,12.9036506,-34.27667885,-2.002227288
2.568260057,-0.2186515479,-0.2805839405,13.33557265,-34.27752491,-2.060000653
2.567607351,-0.2242723818,-0.2794658025,13.72652185,-34.2781607,-2.122395284
2.566893067,-0.2292304973,-0.2782935384,14.07137661,-34.27861627,-2.18999853
2.566110942,-0.233452259,-0.2770666137,14.36501532,-34.27892165,-2.263397743
2.565254713,-0.2368640316,-0.275784494,14.60231636,-34.27910688,-2.343180273
2.564318117,-0.2393921796,-0.2744466448,14.77815814,-34.279202,-2.429933471
2.563294891,-0.2409630676,-0.2730525319,14.88741906,-34.27923704,-2.524244687
2.562178773,-0.2415030604,-0.2716016206,14.9249775,-34.27924205,-2.626701274
2.560923021,-0.2411767009,-0.26999821,14.8672172,-34.27081663,-2.741058759
2.559495116,-0.2402272914,-0.2681604624,14.69918726,-34.24630631,-2.869825543
2.557910128,-0.2386993355,-0.2661086389,14.42876408,-34.20686002,-3.011718283
2.556183126,-0.2366373368,-0.2638630004,14.06382405,-34.15362668,-3.165453636
2.554329181,-0.2340857988,-0.2614438078,13.61224358,-34.08775521,-3.32974826
2.552363361,-0.2310892251,-0.258871322,13.08189908,-34.01039453,-3.50331881
2.550300737,-0.2276921192,-0.2561658041,12.48066694,-33.92269355,-3.684881946
2.548156377,-0.2239389849,-0.2533475149,11.81642358,-33.82580121,-3.873154322
2.545945352,-0.2198743255,-0.2504367154,11.09704539,-33.72086642,-4.066852598
2.543682732,-0.2155426447,-0.2474536665,10.33040878,-33.60903811,-4.264693429
2.541383585,-0.210988446,-0.2444186292,9.524390157,-33.49146519,-4.465393472
2.539062981,-0.2062562331,-0.2413518644,8.686865917,-33.36929658,-4.667669386
2.53673599,-0.2013905095,-0.2382736331,7.825712467,-33.24368121,-4.870237826
2.534417682,-0.1964357787,-0.2352041962,6.948806209,-33.115768,-5.071815451
2.532123126,-0.1914365444,-0.2321638146,6.064023548,-32.98670587,-5.271118916
2.529867392,-0.18643731,-0.2291727493,5.179240887,-32.85764374,-5.46686488
2.527665549,-0.1814825793,-0.2262512612,4.30233463,-32.72973053,-5.657769999
2.525532667,-0.1766168556,-0.2234196113,3.441181179,-32.60411516,-5.84255093
2.523483815,-0.1718846427,-0.2206980605,2.603656939,-32.48194656,-6.019924331
2.521534064,-0.1673304441,-0.2181068698,1.797638313,-32.36437364,-6.188606858
2.519698483,-0.1629987633,-0.2156663,1.031001705,-32.25254532,-6.347315169
2.517992141,-0.1589341039,-0.2133966122,0.3116235177,-32.14761054,-6.494765921
2.516430108,-0.1551809695,-0.2113180673,-0.352619845,-32.05071819,-6.62967577
2.515027453,-0.1517838637,-0.2094509262,-0.9538519796,-31.96301722,-6.750761374
2.513799247,-0.14878729,-0.2078154499,-1.484196483,-31.88565654,-6.856739391
2.512760558,-0.146235752,-0.2064318992,-1.935776951,-31.81978506,-6.946326476
2.511926457,-0.1441737532,-0.2053205353,-2.30071698,-31.76655172,-7.018239287
2.511312013,-0.1426457973,-0.2045016189,-2.571140167,-31.72710543,-7.071194482
2.510932296,-0.1416963879,-0.203995411,-2.739170109,-31.70259512,-7.103908717
2.510802374,-0.1413700283,-0.2038221726,-2.796930401,-31.6941697,-7.115098649
2.511117865,-0.1417441008,-0.2039655845,-2.754609769,-31.69538453,-7.091746473
2.512035656,-0.1428375699,-0.2043827825,-2.631495202,-31.69891858,-7.02342822
2.513512725,-0.1446073132,-0.2050542106,-2.433357696,-31.7046062,-6.912751299
2.515506052,-0.1470102084,-0.2059603126,-2.165968247,-31.71228173,-6.762323121
2.517972614,-0.1500031331,-0.2070815323,-1.835097849,-31.7217795,-6.574751096
2.520869391,-0.1535429649,-0.2083983136,-1.446517499,-31.73293387,-6.352642634
2.524153361,-0.1575865814,-0.2098911003,-1.00599819,-31.74557916,-6.098605145
2.527781502,-0.1620908602,-0.2115403363,-0.5193109188,-31.75954972,-5.815246041
2.531710794,-0.1670126789,-0.2133264654,0.007773319458,-31.77467989,-5.50517273
2.535898214,-0.1723089152,-0.2152299314,0.5694835296,-31.79080402,-5.170992623
2.540300741,-0.1779364466,-0.2172311782,1.160048716,-31.80775644,-4.815313132
2.544875354,-0.1838521509,-0.2193106497,1.773697884,-31.8253715,-4.440741664
2.549579031,-0.1900129055,-0.2214487896,2.404660038,-31.84348354,-4.049885632
2.554368752,-0.1963755881,-0.2236260419,3.047164182,-31.86192689,-3.645352445
2.559201493,-0.2028970763,-0.2258228503,3.695439322,-31.8805359,-3.229749514
2.564034235,-0.2095342478,-0.2280196587,4.343714462,-31.89914491,-2.805684248
2.568823955,-0.2162439801,-0.2301969109,4.986218607,-31.91758826,-2.375764059
2.573527632,-0.2229831509,-0.2323350509,5.61718076,-31.93570029,-1.942596355
2.578102245,-0.2297086377,-0.2344145223,6.230829928,-31.95331535,-1.508788549
2.582504773,-0.2363773182,-0.2364157692,6.821395115,-31.97026777,-1.076948049
2.586692193,-0.2429460701,-0.2383192352,7.383105325,-31.9863919,-0.6496822656
2.590621484,-0.2493717708,-0.2401053643,7.910189563,-32.00152207,-0.2295986099
2.594249626,-0.2556112981,-0.2417546003,8.396876834,-32.01549264,0.1806955082
2.597533595,-0.2616215295,-0.243247387,8.837396143,-32.02813793,0.5785926786
2.600430372,-0.2673593426,-0.2445641683,9.225976494,-32.03929229,0.9614854909
2.602896935,-0.2727816152,-0.245685388,9.556846892,-32.04879006,1.326766535
2.604890262,-0.2778452247,-0.24659149,9.824236341,-32.05646559,1.6718284
2.606367331,-0.2825070488,-0.2472629181,10.02237385,-32.06215321,1.994063677
2.607285122,-0.2867239651,-0.2476801161,10.14548841,-32.06568727,2.290864955
2.607600612,-0.2904528512,-0.2478235279,10.18780905,-32.0669021,2.559624823
2.607588053,-0.2938415465,-0.2476303991,10.18125458,-32.06150414,2.809702981
2.607551515,-0.2970710299,-0.2470647726,10.1620047,-32.04573048,3.052404922
2.607492713,-0.3001478884,-0.2461472889,10.13067969,-32.02021144,3.288041922
2.607413359,-0.303078709,-0.2448985883,10.08789983,-31.98557732,3.516925259
2.607315165,-0.3058700788,-0.243339311,10.0342854,-31.94245845,3.739366212
2.607199844,-0.3085285848,-0.2414900973,9.970456693,-31.89148513,3.955676059
2.60706911,-0.311060814,-0.2393715876,9.897033983,-31.83328769,4.166166077
2.606924673,-0.3134733534,-0.2370044222,9.814637553,-31.76849645,4.371147544
2.606768248,-0.31577279,-0.2344092413,9.723887687,-31.6977417,4.570931738
2.606601547,-0.317965711,-0.2316066853,9.625404666,-31.62165378,4.765829937
2.606426282,-0.3200587032,-0.2286173944,9.519808773,-31.54086299,4.956153419
2.606244167,-0.3220583538,-0.225462009,9.40772029,-31.45599965,5.142213462
2.606056914,-0.3239712497,-0.2221611694,9.2897595,-31.36769408,5.324321344
2.605866235,-0.3258039779,-0.2187355158,9.166546684,-31.2765766,5.502788343
2.605673844,-0.3275631256,-0.2152056886,9.038702126,-31.18327751,5.677925736
2.605481452,-0.3292552797,-0.2115923281,8.906846107,-31.08842713,5.850044802
2.605290774,-0.3308870272,-0.2079160746,8.77159891,-30.99265578,6.019456818
2.60510352,-0.3324649552,-0.2041975683,8.633580817,-30.89659378,6.186473062
2.604921405,-0.3339956507,-0.2004574497,8.49341211,-30.80087143,6.351404813
2.60474614,-0.3354857007,-0.1967163589,8.351713072,-30.70611906,6.514563348
2.604579439,-0.3369416922,-0.1929949363,8.209103985,-30.61296697,6.676259945
2.604423014,-0.3383702123,-0.1893138221,8.066205131,-30.5220455,6.836805882
2.604278578,-0.3397778479,-0.1856936568,7.923636793,-30.43398494,6.996512436
2.604147843,-0.3411711862,-0.1821550806,7.782019253,-30.34941562,7.155690887
2.604032522,-0.3425568141,-0.1787187337,7.641972793,-30.26896784,7.314652511
2.603934329,-0.3439413186,-0.1754052566,7.504117695,-30.19327194,7.473708587
2.603854974,-0.3453312869,-0.1722352895,7.369074243,-30.12295822,7.633170392
2.603796172,-0.3467333058,-0.1692294726,7.237462718,-30.05865699,7.793349205
2.603759635,-0.3481539624,-0.1664084464,7.109903402,-30.00099858,7.954556303
2.603747075,-0.3495998438,-0.1637928511,6.987016578,-29.95061329,8.117102965
2.603811371,-0.3509853992,-0.161283724,6.865521444,-29.90543372,8.278925316
2.603999185,-0.3522287009,-0.1587701301,6.741819717,-29.86289517,8.437857744
2.604302911,-0.3533417706,-0.156254751,6.616055457,-29.82288199,8.594058911
2.60471494,-0.3543366301,-0.1537402684,6.488372725,-29.78527855,8.747687485
2.605227665,-0.3552253009,-0.1512293639,6.358915581,-29.74996921,8.89890213
2.605833477,-0.3560198048,-0.1487247194,6.227828085,-29.71683835,9.047861511
2.60652477,-0.3567321635,-0.1462290163,6.095254299,-29.68577031,9.194724293
2.607293935,-0.3573743987,-0.1437449364,5.961338282,-29.65664947,9.339649142
2.608133364,-0.357958532,-0.1412751613,5.826224095,-29.62936019,9.482794722
2.60903545,-0.3584965852,-0.1388223728,5.690055799,-29.60378684,9.6243197
2.609992584,-0.3590005799,-0.1363892524,5.552977454,-29.57981378,9.764382739
2.61099716,-0.3594825378,-0.1339784819,5.41513312,-29.55732537,9.903142506
2.612041569,-0.3599544806,-0.1315927429,5.276666858,-29.53620598,10.04075766
2.613118203,-0.3604284301,-0.1292347171,5.137722729,-29.51633997,10.17738688
2.614219455,-0.3609164078,-0.1269070862,4.998444793,-29.4976117,10.31318882
2.615337716,-0.3614304355,-0.1246125318,4.85897711,-29.47990555,10.44832215
2.61646538,-0.3619825349,-0.1223537357,4.71946374,-29.46310588,10.58294553
2.617594837,-0.3625847276,-0.1201333794,4.580048746,-29.44709704,10.71721763
2.618718481,-0.3632490354,-0.1179541446,4.440876186,-29.43176341,10.85129711
2.619828703,-0.3639874799,-0.1158187131,4.302090121,-29.41698934,10.98534264
2.620917897,-0.3648120829,-0.1137297664,4.163834612,-29.40265921,11.11951289
2.621978453,-0.365734866,-0.1116899863,4.026253719,-29.38865738,11.25396651
2.623002764,-0.3667678508,-0.1097020544,3.889491503,-29.3748682,11.38886218
2.623983222,-0.3679230592,-0.1077686524,3.753692024,-29.36117605,11.52435855
2.624912221,-0.3692125128,-0.105892462,3.618999343,-29.34746529,11.6606143
2.62578215,-0.3706482332,-0.1040761648,3.48555752,-29.33362029,11.7977881
2.626585404,-0.3722422422,-0.1023224425,3.353510615,-29.3195254,11.93603859
2.627314374,-0.3740065614,-0.1006339768,3.22300269,-29.30506499,12.07552446
2.627961452,-0.3759532126,-0.0990134493,3.094177804,-29.29012344,12.21640436
2.62851903,-0.3780942174,-0.09746354173,2.967180019,-29.27458509,12.35883696
2.628996087,-0.3805350203,-0.09599858186,2.838293189,-29.25884936,12.50374739
2.629409806,-0.3833515981,-0.09462759227,2.704134911,-29.24340413,12.65173619
2.629764887,-0.3865117712,-0.0933452968,2.56534985,-29.22826644,12.80247518
2.630066033,-0.38998336,-0.0921464193,2.422582674,-29.21345335,12.95563619
2.630317943,-0.3937341849,-0.09102568361,2.276478051,-29.19898189,13.11089102
2.63052532,-0.3977320663,-0.08997781358,2.127680647,-29.18486912,13.26791148
2.630692863,-0.4019448246,-0.08899753304,1.97683513,-29.17113209,13.4263694
2.630825274,-0.4063402801,-0.08807956586,1.824586168,-29.15778784,13.58593659
2.630927253,-0.4108862533,-0.08721863587,1.671578426,-29.14485343,13.74628487
2.631003503,-0.4155505645,-0.08640946691,1.518456573,-29.1323459,13.90708604
2.631058723,-0.4203010341,-0.08564678285,1.365865276,-29.12028231,14.06801192
2.631097615,-0.4251054826,-0.08492530751,1.214449202,-29.1086797,14.22873434
2.631124879,-0.4299317302,-0.08423976474,1.064853018,-29.09755511,14.3889251
2.631145217,-0.4347475975,-0.08358487839,0.9177213913,-29.08692561,14.54825601
2.63116333,-0.4395209047,-0.08295537231,0.7736989895,-29.07680823,14.7063989
2.631183919,-0.4442194723,-0.08234597034,0.6334304796,-29.06722003,14.86302558
2.631211684,-0.4488111207,-0.08175139633,0.4975605288,-29.05817805,15.01780787
2.631251326,-0.4532636702,-0.08116637411,0.3667338045,-29.04969935,15.17041757
2.631307548,-0.4575449413,-0.08058562755,0.2415949737,-29.04180097,15.32052651
2.631385048,-0.4616227542,-0.08000388047,0.1227887038,-29.03449996,15.46780649
2.63148853,-0.4654649295,-0.07941585673,0.01095966197,-29.02781337,15.61192934
2.631622692,-0.4690392875,-0.07881628018,-0.09324748454,-29.02175825,15.75256687
2.631792238,-0.4723136486,-0.07819987465,-0.1891880685,-29.01635165,15.8893909
2.632001866,-0.4752558332,-0.07756136399,-0.2762174227,-29.01161061,16.02207323
2.632256279,-0.4778336617,-0.07689547206,-0.3536908799,-29.00755219,16.15028569
2.632560178,-0.4800149544,-0.07619692268,-0.4209637728,-29.00419344,16.27370009
2.632918263,-0.4817675317,-0.07546043972,-0.4773914343,-29.00155139,16.39198824
2.633335235,-0.4830592141,-0.07468074701,-0.522329197,-28.99964311,16.50482196
2.633815795,-0.4838578219,-0.0738525684,-0.5551323939,-28.99848564,16.61187306
2.634364645,-0.4841311755,-0.07297062773,-0.5751563575,-28.99809603,16.71281337
2.635010759,-0.4841310922,-0.07202150063,-0.5878966809,-28.99809775,16.80910896
2.635775917,-0.4841305086,-0.07100016404,-0.5993312763,-28.99810977,16.9024311
2.636654026,-0.4841289248,-0.06991394384,-0.6095389558,-28.99814241,16.99275938
2.637638994,-0.4841258403,-0.0687701659,-0.6185985312,-28.99820598,17.08007339
2.638724728,-0.4841207552,-0.06757615608,-0.6265888146,-28.99831078,17.16435272
2.639905137,-0.4841131692,-0.06633924025,-0.6335886178,-28.99846711,17.24557696
2.641174127,-0.4841025822,-0.06506674429,-0.6396767528,-28.9986853,17.32372571
2.642525607,-0.4840884939,-0.06376599406,-0.6449320317,-28.99897564,17.39877855
2.643953483,-0.4840704043,-0.06244431543,-0.6494332663,-28.99934844,17.47071507
2.645451664,-0.484047813,-0.06110903427,-0.6532592685,-28.99981402,17.53951487
2.647014058,-0.48402022,-0.05976747644,-0.6564888504,-29.00038267,17.60515753
2.64863457,-0.4839871251,-0.05842696782,-0.6592008239,-29.00106471,17.66762264
2.650307111,-0.483948028,-0.05709483428,-0.661474001,-29.00187045,17.7268898
2.652025586,-0.4839024287,-0.05577840167,-0.6633871936,-29.00281019,17.7829386
2.653783904,-0.483849827,-0.05448499588,-0.6650192136,-29.00389424,17.83574862
2.655575972,-0.4837897226,-0.05322194277,-0.666448873,-29.00513292,17.88529946
2.657395698,-0.4837216154,-0.05199656821,-0.6677549838,-29.00653651,17.93157071
2.65923699,-0.4836450052,-0.05081619807,-0.669016358,-29.00811535,17.97454195
2.661093754,-0.4835593919,-0.04968815821,-0.6703118074,-29.00987972,18.01419278
2.662959899,-0.4834642752,-0.04861977451,-0.671720144,-29.01183995,18.05050278
2.664829333,-0.4833591551,-0.04761837283,-0.6733201798,-29.01400633,18.08345156
2.666695962,-0.4832435312,-0.04669127904,-0.6751907267,-29.01638919,18.1130187
2.668553695,-0.4831169035,-0.04584581902,-0.6774105968,-29.01899881,18.13918378
2.670396439,-0.4829787718,-0.04508931862,-0.6800586018,-29.02184552,18.16192641
2.672218101,-0.4828286358,-0.04442910372,-0.6832135539,-29.02493962,18.18122616
2.67401259,-0.4826659955,-0.04387250019,-0.6869542649,-29.02829142,18.19706264
2.675773813,-0.4824903507,-0.0434268339,-0.6913595468,-29.03191123,18.20941542
2.677495677,-0.482301201,-0.04309943071,-0.6965082116,-29.03580935,18.21826411
2.679172091,-0.4820980465,-0.04289761649,-0.7024790711,-29.03999609,18.22358829
2.680796961,-0.4818803869,-0.04282871711,-0.7093509375,-29.04448176,18.22536755
2.682418826,-0.4815068,-0.04308456913,-0.7172175262,-29.05675451,18.22098889
2.684087092,-0.4808500386,-0.04383150324,-0.726061791,-29.08363233,18.20811979
2.685796969,-0.4799308654,-0.04503858654,-0.7357964012,-29.12412034,18.1871606
2.687543666,-0.478770043,-0.0466748861,-0.7463340259,-29.17722364,18.15851165
2.689322393,-0.4773883342,-0.04870946902,-0.7575873345,-29.24194732,18.1225733
2.69112836,-0.4758065015,-0.05111140238,-0.7694689961,-29.31729649,18.07974588
2.692956776,-0.4740453076,-0.05384975327,-0.78189168,-29.40227626,18.03042973
2.694802852,-0.4721255151,-0.05689358877,-0.7947680553,-29.49589173,17.97502519
2.696661796,-0.4700678868,-0.06021197598,-0.8080107914,-29.597148,17.91393261
2.698528819,-0.4678931852,-0.06377398197,-0.8215325575,-29.70505017,17.84755232
2.70039913,-0.4656221729,-0.06754867384,-0.8352460227,-29.81860335,17.77628467
2.702267939,-0.4632756127,-0.07150511867,-0.8490638563,-29.93681264,17.70053
2.704130456,-0.4608742672,-0.07561238355,-0.8628987276,-30.05868314,17.62068865
2.70598189,-0.4584388991,-0.07983953557,-0.8766633057,-30.18321996,17.53716096
2.707817451,-0.4559902709,-0.08415564181,-0.89027026,-30.3094282,17.45034727
2.70963235,-0.4535491453,-0.08852976936,-0.9036322595,-30.43631296,17.36064793
2.711421794,-0.451136285,-0.0929309853,-0.9166619736,-30.56287934,17.26846327
2.713180995,-0.4487724527,-0.09732835673,-0.9292720715,-30.68813246,17.17419364
2.714905161,-0.4464784109,-0.1016909507,-0.9413752224,-30.81107741,17.07823938
2.716589504,-0.4442749223,-0.1059878344,-0.9528840955,-30.93071929,16.98100082
2.718229231,-0.4421827496,-0.1101880748,-0.9637113601,-31.04606321,16.88287832
2.719819554,-0.4402226554,-0.114260739,-0.9737696853,-31.15611427,16.7842722
2.721355681,-0.4384154024,-0.1181748941,-0.9829717405,-31.25987757,16.68558282
2.722832823,-0.4367817532,-0.1218996073,-0.9912301948,-31.35635822,16.58721052
2.724246188,-0.4353424704,-0.1254039455,-0.9984577176,-31.44456133,16.48955563
2.725590988,-0.4341183168,-0.1286569759,-1.004566978,-31.52349198,16.3930185
2.726862431,-0.4331300549,-0.1316277656,-1.009470645,-31.59215529,16.29799946
2.728055728,-0.4323984474,-0.1342853816,-1.013081388,-31.64955636,16.20489886
2.729166087,-0.431944257,-0.1365988911,-1.015311877,-31.69470029,16.11411705
2.730188719,-0.4317882462,-0.1385373611,-1.01607478,-31.72659219,16.02605435
2.731165361,-0.4318214992,-0.1402706889,-1.009687348,-31.75111318,15.93986189
2.7321406,-0.4319197634,-0.1419890707,-0.9908111601,-31.77481688,15.85439082
2.733113925,-0.4320807972,-0.1436920214,-0.95987538,-31.79771714,15.76959153
2.734084821,-0.4323023588,-0.1453790559,-0.9173091702,-31.81982781,15.68541442
2.735052776,-0.4325822064,-0.1470496894,-0.8635416935,-31.84116275,15.60180991
2.736017275,-0.4329180982,-0.1487034369,-0.7990021129,-31.86173582,15.51872838
2.736977807,-0.4333077925,-0.1503398133,-0.7241195912,-31.88156085,15.43612025
2.737933857,-0.4337490476,-0.1519583337,-0.6393232914,-31.90065172,15.3539359
2.738884913,-0.4342396215,-0.1535585131,-0.5450423763,-31.91902225,15.27212576
2.73983046,-0.4347772727,-0.1551398665,-0.4417060087,-31.93668632,15.19064021
2.740769987,-0.4353597592,-0.1567019089,-0.3297433517,-31.95365777,15.10942965
2.741702979,-0.4359848393,-0.1582441553,-0.209583568,-31.96995046,15.0284445
2.742628923,-0.4366502713,-0.1597661208,-0.08165582065,-31.98557823,14.94763514
2.743547306,-0.4373538134,-0.1612673204,0.05361072761,-32.00055494,14.86695199
2.744457616,-0.4380932238,-0.1627472691,0.1957869138,-32.01489444,14.78634544
2.745359338,-0.4388662608,-0.1642054819,0.3444435751,-32.02861058,14.7057659
2.746251959,-0.4396706825,-0.1656414738,0.4991515486,-32.04171723,14.62516376
2.747134966,-0.4405042473,-0.1670547599,0.6594816715,-32.05422822,14.54448943
2.748007846,-0.4413647133,-0.1684448551,0.8250047807,-32.06615741,14.46369331
2.748870086,-0.4422498387,-0.1698112744,0.9952917135,-32.07751865,14.3827258
2.749721172,-0.4431573819,-0.171153533,1.169913307,-32.0883258,14.30153731
2.750560591,-0.4440851009,-0.1724711458,1.348440398,-32.09859271,14.22007823
2.75138783,-0.4450307542,-0.1737636277,1.530443824,-32.10833323,14.13829896
2.752202376,-0.4459920998,-0.1750304939,1.715494422,-32.11756121,14.05614991
2.753003714,-0.446966896,-0.1762712594,1.903163029,-32.1262905,13.97358148
2.753791333,-0.4479529011,-0.1774854391,2.093020483,-32.13453497,13.89054407
2.754564719,-0.4489478733,-0.1786725481,2.28463762,-32.14230845,13.80698808
2.755323358,-0.4499495708,-0.1798321014,2.477585277,-32.1496248,13.72286392
2.756066738,-0.4509557518,-0.1809636141,2.671434292,-32.15649788,13.63812198
2.756794344,-0.4519641746,-0.182066601,2.865755501,-32.16294154,13.55271266
2.757505665,-0.4529725974,-0.1831405773,3.060119742,-32.16896962,13.46658637
2.758200186,-0.4539787784,-0.1841850579,3.254097852,-32.17459599,13.37969352
2.758877394,-0.4549804759,-0.185199558,3.447260669,-32.17983449,13.29198449
2.759536776,-0.455975448,-0.1861835924,3.639179028,-32.18469898,13.20340969
2.76017782,-0.4569614531,-0.1871366762,3.829423768,-32.18920331,13.11391953
2.76080001,-0.4579362494,-0.1880583245,4.017565724,-32.19336132,13.02346441
2.761402835,-0.458897595,-0.1889480522,4.203175736,-32.19718688,12.93199472
2.761985781,-0.4598432482,-0.1898053744,4.385824639,-32.20069384,12.83946087
2.762548335,-0.4607709673,-0.190629806,4.565083271,-32.20389604,12.74581326
2.763089984,-0.4616785104,-0.1914208621,4.740522468,-32.20680735,12.65100228
2.763610213,-0.4625636359,-0.1921780577,4.911713069,-32.2094416,12.55497836
2.764108511,-0.4634241019,-0.1929009079,5.078225909,-32.21181267,12.45769187
2.764584363,-0.4642576666,-0.1935889276,5.239631827,-32.21393439,12.35909324
2.765037257,-0.4650620883,-0.1942416318,5.395501659,-32.21582062,12.25913285
2.76546668,-0.4658351253,-0.1948585356,5.545406242,-32.21748521,12.15776111
2.765872117,-0.4665745357,-0.195439154,5.688916414,-32.21894201,12.05492842
2.766253056,-0.4672780778,-0.195983002,5.825603011,-32.22020489,11.95058518
2.766608984,-0.4679435098,-0.1964895946,5.955036872,-32.22128768,11.84468179
2.766939387,-0.4685685899,-0.1969584468,6.076788832,-32.22220425,11.73716866
2.767243752,-0.4691510765,-0.1973890737,6.190429729,-32.22296843,11.62799619
2.767521565,-0.4696887276,-0.1977809903,6.2955304,-32.2235941,11.51711477
2.767772315,-0.4701793016,-0.1981337115,6.391661682,-32.22409509,11.40447481
2.767995486,-0.4706205566,-0.1984467524,6.478394413,-32.22448527,11.29002671
2.768190567,-0.4710102509,-0.1987196281,6.555299429,-32.22477848,11.17372088
2.768357043,-0.4713461427,-0.1989518535,6.621947567,-32.22498857,11.05550771
2.768494402,-0.4716259903,-0.1991429436,6.677909665,-32.2251294,10.93533761
2.76860213,-0.4718475519,-0.1992924135,6.72275656,-32.22521482,10.81316097
2.768679714,-0.4720085857,-0.1993997781,6.756059089,-32.22525869,10.6889282
2.768726641,-0.47210685,-0.1994645526,6.777388089,-32.22527485,10.5625897
2.768742397,-0.4721401029,-0.1994862518,6.786314397,-32.22527716,10.43409587
2.768600053,-0.4721400632,-0.1994136506,6.788811197,-32.22454058,10.29321622
2.768184723,-0.4721397856,-0.1991984009,6.791141608,-32.22230937,10.13097616
2.767513956,-0.472139032,-0.1988443336,6.793311367,-32.21855132,9.949209984
2.766605304,-0.4721375644,-0.1983552797,6.795326211,-32.21323423,9.74975198
2.765476317,-0.472135145,-0.1977350701,6.797191878,-32.20632589,9.53443643
2.764144546,-0.4721315356,-0.1969875357,6.798914106,-32.1977941,9.305097622
2.762627542,-0.4721264984,-0.1961165074,6.800498633,-32.18760665,9.063569841
2.760942855,-0.4721197953,-0.1951258161,6.801951195,-32.17573133,8.811687373
2.759108036,-0.4721111883,-0.1940192929,6.80327753,-32.16213594,8.551284505
2.757140635,-0.4721004396,-0.1928007685,6.804483377,-32.14678828,8.284195521
2.755058204,-0.472087311,-0.1914740739,6.805574472,-32.12965613,8.012254709
2.752878293,-0.4720715646,-0.1900430401,6.806556553,-32.11070729,7.737296354
2.750618453,-0.4720529625,-0.1885114979,6.807435358,-32.08990956,7.461154741
2.748296235,-0.4720312667,-0.1868832784,6.808216624,-32.06723073,7.185664158
2.745929188,-0.4720062391,-0.1851622123,6.808906089,-32.04263859,6.912658889
2.743534864,-0.4719776419,-0.1833521307,6.80950949,-32.01610094,6.643973221
2.741130814,-0.4719452369,-0.1814568644,6.810032566,-31.98758557,6.381441441
2.738734588,-0.4719087863,-0.1794802444,6.810481053,-31.95706028,6.126897832
2.736363738,-0.4718680521,-0.1774261016,6.810860689,-31.92449286,5.882176683
2.734035812,-0.4718227962,-0.1752982669,6.811177211,-31.88985111,5.649112278
2.731768363,-0.4717727807,-0.1731005713,6.811436359,-31.85310281,5.429538904
2.729578941,-0.4717177677,-0.1708368456,6.811643867,-31.81421577,5.225290846
2.727485097,-0.4716575191,-0.1685109208,6.811805476,-31.77315777,5.038202391
2.725504381,-0.4715917969,-0.1661266278,6.811926921,-31.72989662,4.870107824
2.723654345,-0.4715203632,-0.1636877976,6.812013941,-31.6844001,4.722841432
2.721952538,-0.4714429801,-0.161198261,6.812072273,-31.63663602,4.5982375
2.720416512,-0.4713594094,-0.158661849,6.812107655,-31.58657215,4.498130315
2.719063816,-0.4712694133,-0.1560823925,6.812125823,-31.53417631,4.424354161
2.717912003,-0.4711727537,-0.1534637225,6.812132517,-31.47941628,4.378743326
2.716978622,-0.4710691928,-0.1508096697,6.812133474,-31.42225986,4.363132096
2.716201017,-0.4709435852,-0.1480713603,6.80033089,-31.3615762,4.366791496
2.715501724,-0.4707827902,-0.1452019058,6.765782471,-31.29643043,4.377741168
2.714876083,-0.4705895761,-0.1422081155,6.709777217,-31.22708427,4.395938316
2.714319433,-0.4703667113,-0.1390967987,6.633604127,-31.15379945,4.421340145
2.713827114,-0.4701169641,-0.1358747649,6.5385522,-31.07683771,4.453903858
2.713394466,-0.469843103,-0.1325488234,6.425910435,-30.99646078,4.493586661
2.713016829,-0.4695478962,-0.1291257835,6.296967832,-30.91293038,4.540345758
2.712689542,-0.4692341121,-0.1256124546,6.153013391,-30.82650825,4.594138354
2.712407945,-0.4689045192,-0.1220156461,5.99533611,-30.73745612,4.654921654
2.712167377,-0.4685618858,-0.1183421672,5.825224988,-30.64603572,4.722652861
2.71196318,-0.4682089802,-0.1145988274,5.643969026,-30.55250877,4.797289182
2.711790691,-0.4678485708,-0.110792436,5.452857222,-30.45713702,4.878787819
2.711645252,-0.4674834261,-0.1069298023,5.253178575,-30.36018218,4.967105978
2.711522201,-0.4671163143,-0.1030177358,5.046222086,-30.261906,5.062200864
2.711416879,-0.4667500038,-0.09906304565,4.833276753,-30.1625702,5.164029681
2.711324625,-0.466387263,-0.09507254133,4.615631576,-30.06243651,5.272549633
2.711240778,-0.4660308603,-0.09105303217,4.394575554,-29.96176667,5.387717926
2.71116068,-0.4656835641,-0.08701132752,4.171397686,-29.8608224,5.509491764
2.711079669,-0.4653481426,-0.08295423672,3.947386971,-29.75986543,5.637828351
2.710993085,-0.4650273643,-0.07888856914,3.72383241,-29.6591575,5.772684892
2.710896268,-0.4647239976,-0.07482113412,3.502023001,-29.55896033,5.914018592
2.710784557,-0.4644408108,-0.07075874101,3.283247743,-29.45953566,6.061786655
2.710653293,-0.4641805723,-0.06670819918,3.068795636,-29.36114522,6.215946285
2.710497815,-0.4639460504,-0.06267631795,2.859955679,-29.26405074,6.376454689
2.710313463,-0.4637400135,-0.0586699067,2.658016872,-29.16851394,6.543269069
2.710095576,-0.46356523,-0.05469577477,2.464268214,-29.07479656,6.716346631
2.709839495,-0.4634244683,-0.05076073152,2.279998704,-28.98316034,6.895644579
2.709540559,-0.4633204967,-0.04687158629,2.106497341,-28.89386699,7.081120118
2.709194107,-0.4632560836,-0.04303514844,1.945053125,-28.80717825,7.272730453
2.70879548,-0.4632339974,-0.03925822732,1.796955056,-28.72335586,7.470432787
2.708346951,-0.4633513862,-0.03546496613,1.653976099,-28.64083935,7.679640464
2.707856265,-0.4636960399,-0.03158151811,1.507423849,-28.55795858,7.905073282
2.707326968,-0.4642566897,-0.02761770764,1.357889244,-28.47481079,8.145648132
2.706762609,-0.4650220665,-0.02358335909,1.205963222,-28.39149319,8.400281904
2.706166734,-0.4659809016,-0.01948829683,1.052236722,-28.30810302,8.667891491
2.705542891,-0.4671219259,-0.01534234525,0.8973006818,-28.22473748,8.947393782
2.704894625,-0.4684338705,-0.01115532873,0.7417460403,-28.14149382,9.237705668
2.704225486,-0.4699054665,-0.006937071632,0.5861637359,-28.05846925,9.537744041
2.703539019,-0.471525445,-0.002697398344,0.4311447068,-27.975761,9.846425791
2.702838771,-0.4732825371,0.001553866759,0.2772798915,-27.89346629,10.16266781
2.702128291,-0.4751654738,0.005806899299,0.1251602285,-27.81168235,10.48538698
2.701411125,-0.4771629862,0.0100518749,-0.02462334384,-27.7305064,10.81350021
2.70069082,-0.4792638054,0.01427896918,-0.1714798871,-27.65003566,11.14592438
2.699970922,-0.4814566625,0.01847835777,-0.3148184629,-27.57036735,11.48157637
2.699254981,-0.4837302885,0.02264021628,-0.4540481327,-27.49159872,11.81937309
2.698546541,-0.4860734145,0.02675472035,-0.5885779582,-27.41382696,12.15823142
2.697849152,-0.4884747717,0.03081204559,-0.717817001,-27.33714932,12.49706826
2.697166359,-0.490923091,0.03480236762,-0.8411743225,-27.26166302,12.83480049
2.696501709,-0.4934071035,0.03871586207,-0.9580589845,-27.18746527,13.170345
2.695858751,-0.4959155404,0.04254270457,-1.067880048,-27.11465331,13.50261869
2.69524103,-0.4984371327,0.04627307072,-1.170046576,-27.04332435,13.83053845
2.694652095,-0.5009606115,0.04989713616,-1.263967629,-26.97357562,14.15302117
2.694095492,-0.5034747078,0.05340507651,-1.349052268,-26.90550436,14.46898373
2.693574768,-0.5059681527,0.05678706739,-1.424709555,-26.83920777,14.77734303
2.69309347,-0.5084296774,0.06003328443,-1.490348553,-26.77478308,15.07701597
2.692655146,-0.5108480129,0.06313390324,-1.545378322,-26.71232753,15.36691942
2.692263343,-0.5132118902,0.06607909945,-1.589207924,-26.65193832,15.64597029
2.691921608,-0.5155100404,0.06885904868,-1.621246421,-26.5937127,15.91308546
2.691633487,-0.5177311947,0.07146392656,-1.640902873,-26.53774787,16.16718182
2.691402528,-0.5198640841,0.0738839087,-1.647586344,-26.48414107,16.40717626
2.691211259,-0.5219814698,0.07614156236,-1.642189879,-26.43223247,16.63802318
2.691039088,-0.5241600662,0.07826853785,-1.626491072,-26.38133257,16.86533814
2.690884888,-0.5263945338,0.08026863536,-1.601225805,-26.33149407,17.08902981
2.69074753,-0.5286795331,0.08214565512,-1.56712996,-26.28276967,17.30900686
2.690625886,-0.5310097246,0.08390339731,-1.524939416,-26.23521208,17.52517797
2.690518826,-0.5333797689,0.08554566214,-1.475390058,-26.18887398,17.73745179
2.690425223,-0.5357843265,0.08707624982,-1.419217765,-26.14380809,17.945737
2.690343947,-0.5382180579,0.08849896055,-1.35715842,-26.1000671,18.14994227
2.69027387,-0.5406756237,0.08981759453,-1.289947903,-26.05770372,18.34997627
2.690213865,-0.5431516843,0.09103595198,-1.218322098,-26.01677064,18.54574767
2.690162801,-0.5456409003,0.09215783309,-1.143016884,-25.97732057,18.73716513
2.69011955,-0.5481379323,0.09318703806,-1.064768145,-25.93940621,18.92413733
2.690082984,-0.5506374407,0.09412736711,-0.9843117601,-25.90308026,19.10657294
2.690051975,-0.5531340861,0.09498262043,-0.9023836125,-25.86839542,19.28438062
2.690025394,-0.5556225291,0.09575659823,-0.8197195834,-25.83540439,19.45746905
2.690002111,-0.55809743,0.09645310072,-0.7370555542,-25.80415988,19.62574688
2.689980999,-0.5605534496,0.09707592809,-0.6551274067,-25.77471457,19.78912281
2.68996093,-0.5629852482,0.09762888056,-0.5746710222,-25.74712119,19.94750548
2.689940774,-0.5653874864,0.09811575832,-0.4964222825,-25.72143242,20.10080358
2.689919402,-0.5677548248,0.09854036159,-0.421117069,-25.69770096,20.24892576
2.689895687,-0.5700819239,0.09890649055,-0.3494912634,-25.67597952,20.39178071
2.6898685,-0.5723634442,0.09921794543,-0.2822807471,-25.65632081,20.52927709
2.689836712,-0.5745940463,0.09947852642,-0.2202214018,-25.63877751,20.66132356
2.689799195,-0.5767683905,0.09969203373,-0.164049109,-25.62340233,20.78782881
2.68975482,-0.5788811376,0.09986226755,-0.1144997503,-25.61024798,20.90870149
2.689702458,-0.580926948,0.09999302811,-0.07230920722,-25.59936714,21.02385028
2.689640981,-0.5829004823,0.1000881156,-0.03821336138,-25.59081253,21.13318385
2.689569261,-0.5847964009,0.1001513302,-0.01294809431,-25.58463685,21.23661087
2.689486168,-0.5866093644,0.1001864722,0.002750712408,-25.58089279,21.33404
2.689390575,-0.5883340333,0.1001973416,0.008147177218,-25.57963306,21.42537991
2.689294904,-0.5900078503,0.1001040336,-0.01868184329,-25.58600343,21.5107353
2.689211264,-0.5916697217,0.09983049554,-0.09672990296,-25.60462791,21.59040251
2.689138059,-0.5933165037,0.09938630643,-0.222338499,-25.63477659,21.66457769
2.689073692,-0.5949450526,0.0987810453,-0.3918491286,-25.67571956,21.73345697
2.689016565,-0.5965522248,0.09802429115,-0.6016032889,-25.72672691,21.79723651
2.688965081,-0.5981348763,0.09712562301,-0.8479424773,-25.78706871,21.85611244
2.688917642,-0.5996898635,0.09609461988,-1.127208191,-25.85601506,21.91028092
2.688872651,-0.6012140426,0.09494086078,-1.435741927,-25.93283604,21.95993808
2.688828512,-0.6027042699,0.09367392471,-1.769885182,-26.01680173,22.00528006
2.688783626,-0.6041574017,0.09230339071,-2.125979454,-26.10718222,22.04650302
2.688736396,-0.6055702941,0.09083883777,-2.500366241,-26.20324759,22.0838031
2.688685226,-0.6069398034,0.0892898449,-2.889387038,-26.30426794,22.11737644
2.688628517,-0.608262786,0.08766599113,-3.289383344,-26.40951333,22.14741918
2.688564673,-0.6095360979,0.08597685547,-3.696696655,-26.51825387,22.17412748
2.688492096,-0.6107565956,0.08423201692,-4.107668469,-26.62975963,22.19769747
2.688409188,-0.6119211352,0.08244105449,-4.518640284,-26.74330071,22.21832529
2.688314354,-0.6130265729,0.08061354722,-4.925953595,-26.85814717,22.2362071
2.688205994,-0.6140697652,0.07875907409,-5.325949901,-26.97356912,22.25153903
2.688082513,-0.6150475681,0.07688721414,-5.714970698,-27.08883664,22.26451724
2.687942312,-0.6159568379,0.07500754636,-6.089357484,-27.2032198,22.27533785
2.687783795,-0.616794431,0.07312964978,-6.445451757,-27.3159887,22.28419703
2.687605363,-0.6175572035,0.0712631034,-6.779595012,-27.42641343,22.29129091
2.687405421,-0.6182420117,0.06941748624,-7.088128748,-27.53376405,22.29681564
2.68718237,-0.6188457119,0.06760237732,-7.367394461,-27.63731067,22.30096736
2.686934613,-0.6193651603,0.06582735564,-7.61373365,-27.73632337,22.30394221
2.686660553,-0.6197972131,0.06410200021,-7.82348781,-27.83007223,22.30593634
2.686358593,-0.6201387267,0.06243589005,-7.99299844,-27.91782734,22.3071459
2.686027135,-0.6203865572,0.06083860418,-8.118607036,-27.99885877,22.30776702
2.685664582,-0.6205375609,0.0593197216,-8.196655095,-28.07243663,22.30799585
2.685269337,-0.6205885941,0.05788882133,-8.223484116,-28.13783099,22.30802854
2.684833448,-0.6204225836,0.05649881733,-8.20333225,-28.19849017,22.29712778
2.684350333,-0.619934002,0.05509722703,-8.144708642,-28.25829297,22.26514319
2.683820444,-0.6191370241,0.05368553457,-8.050361272,-28.31715519,22.21315128
2.683244233,-0.6180458246,0.05226522414,-7.923038122,-28.3749926,22.1422286
2.682622153,-0.6166745784,0.05083777989,-7.765487174,-28.43172101,22.05345166
2.681954656,-0.6150374601,0.04940468601,-7.580456409,-28.48725619,21.947897
2.681242195,-0.6131486446,0.04796742664,-7.37069381,-28.54151395,21.82664114
2.680485223,-0.6110223067,0.04652748596,-7.138947357,-28.59441008,21.69076061
2.679684192,-0.608672621,0.04508634815,-6.887965032,-28.64586036,21.54133194
2.678839555,-0.6061137625,0.04364549735,-6.620494818,-28.69578058,21.37943166
2.677951764,-0.6033599057,0.04220641776,-6.339284696,-28.74408654,21.20613629
2.677021272,-0.6004252256,0.04077059352,-6.047082647,-28.79069402,21.02252237
2.676048531,-0.5973238969,0.03933950881,-5.746636653,-28.83551883,20.82966642
2.675033995,-0.5940700944,0.03791464779,-5.440694695,-28.87847674,20.62864496
2.673978115,-0.5906779928,0.03649749464,-5.132004756,-28.91948355,20.42053454
2.672881344,-0.5871617669,0.03508953352,-4.823314817,-28.95845505,20.20641166
2.671744135,-0.5835355915,0.0336922486,-4.51737286,-28.99530704,19.98735287
2.67056694,-0.5798136414,0.03230712404,-4.216926866,-29.02995529,19.76443469
2.669350212,-0.5760100913,0.03093564402,-3.924724816,-29.0623156,19.53873365
2.668094403,-0.572139116,0.02957929269,-3.643514694,-29.09230377,19.31132628
2.666799967,-0.5682148902,0.02823955424,-3.37604448,-29.11983558,19.0832891
2.665467355,-0.5642515889,0.02691791282,-3.125062155,-29.14482683,18.85569864
2.664097021,-0.5602633866,0.0256158526,-2.893315703,-29.1671933,18.62963143
2.662689416,-0.5562644582,0.02433485775,-2.683553103,-29.18685079,18.406164
2.661244993,-0.5522689785,0.02307641244,-2.498522338,-29.20371508,18.18637287
2.659764206,-0.5482911223,0.02184200084,-2.34097139,-29.21770198,17.97133458
2.658247506,-0.5443450642,0.02063310711,-2.21364824,-29.22872726,17.76212565
2.656695346,-0.5404449791,0.01945121542,-2.11930087,-29.23670671,17.55982261
2.655108178,-0.5366050418,0.01829780993,-2.060677262,-29.24155614,17.36550198
2.653486456,-0.532839427,0.01717437483,-2.040525396,-29.24319133,17.18024031
2.651738146,-0.528917611,0.01609805201,-2.04072473,-29.24302387,16.9931312
2.649783346,-0.5246232701,0.01508177657,-2.041325766,-29.24253672,16.79343623
2.647640708,-0.5199918792,0.01412072246,-2.042333059,-29.2417527,16.58248386
2.645328884,-0.5150589132,0.01321006362,-2.043751161,-29.24069466,16.36160252
2.642866524,-0.5098598472,0.01234497399,-2.045584625,-29.23938544,16.13212068
2.64027228,-0.5044301561,0.01152062751,-2.047838005,-29.23784785,15.89536679
2.637564803,-0.4988053148,0.01073219813,-2.050515854,-29.23610475,15.65266928
2.634762745,-0.4930207982,0.009974859797,-2.053622726,-29.23417897,15.40535662
2.631884756,-0.4871120813,0.009243786442,-2.057163173,-29.23209334,15.15475725
2.628949487,-0.4811146391,0.008534152011,-2.061141749,-29.2298707,14.90219963
2.625975591,-0.4750639464,0.007841130449,-2.065563007,-29.22753388,14.6490122
2.622981718,-0.4689954782,0.007159895697,-2.0704315,-29.22510571,14.39652342
2.61998652,-0.4629447096,0.006485621699,-2.075751782,-29.22260905,14.14606173
2.617008647,-0.4569471153,0.005813482396,-2.081528406,-29.22006671,13.89895558
2.614066752,-0.4510381703,0.005138651733,-2.087765925,-29.21750153,13.65653343
2.611179484,-0.4452533496,0.00445630365,-2.094468892,-29.21493636,13.42012373
2.608365496,-0.4396281282,0.003761612092,-2.101641861,-29.21239402,13.19105492
2.60564344,-0.4341979809,0.003049751001,-2.109289385,-29.20989735,12.97065545
2.603031965,-0.4289983828,0.002315894318,-2.117416017,-29.20746919,12.76025379
2.600549723,-0.4240648087,0.001555215988,-2.12602631,-29.20513237,12.56117837
2.598215366,-0.4194327336,0.0007628899532,-2.135124819,-29.20290973,12.37475764
2.596047545,-0.4151376324,-6.590984443e-05,-2.144716094,-29.2008241,12.20232007
2.59406491,-0.4112149802,-0.0009360094619,-2.154804692,-29.19889831,12.04519409
2.592286114,-0.4077002517,-0.001852234956,-2.165395163,-29.19715521,11.90470816
2.590729808,-0.404628922,-0.002819412385,-2.176492062,-29.19561763,11.78219072
2.589414642,-0.4020364661,-0.003842367806,-2.188099942,-29.1943084,11.67897024
2.588359269,-0.3999583587,-0.004925927276,-2.200223357,-29.19325036,11.59637515
2.587582338,-0.398430075,-0.006074916852,-2.212866859,-29.19246635,11.53573391
2.587102503,-0.3974870898,-0.007294162592,-2.226035001,-29.1919792,11.49837497
2.586938413,-0.3971648781,-0.008588490552,-2.239732337,-29.19181174,11.48562678
2.587456291,-0.3983697826,-0.01006542442,-2.255622131,-29.20225434,11.54320033
2.58894519,-0.4018338832,-0.01180755019,-2.275084149,-29.23227682,11.70872431
2.591308009,-0.4073312602,-0.01378228743,-2.297697697,-29.27992119,11.97140366
2.594447646,-0.414635994,-0.01595705567,-2.323042084,-29.34322947,12.32044334
2.598266997,-0.423522165,-0.01829927446,-2.350696616,-29.42024366,12.74504831
2.602668961,-0.4337638536,-0.02077636335,-2.380240602,-29.50900578,13.23442354
2.607556436,-0.4451351402,-0.02335574188,-2.411253348,-29.60755784,13.77777397
2.612832319,-0.4574101053,-0.02600482961,-2.443314163,-29.71394186,14.36430457
2.618399509,-0.4703628291,-0.02869104607,-2.476002352,-29.82619983,14.9832203
2.624160904,-0.4837673922,-0.03138181081,-2.508897225,-29.94237378,15.62372611
2.6300194,-0.4973978749,-0.03404454338,-2.541578088,-30.06050572,16.27502696
2.635877897,-0.5110283575,-0.03664666332,-2.573624249,-30.17863766,16.92632781
2.641639291,-0.5244329206,-0.03915559018,-2.604615014,-30.29481162,17.56683362
2.647206481,-0.5373856444,-0.04153874352,-2.634129692,-30.40706959,18.18574935
2.652482364,-0.5496606095,-0.04376354286,-2.66174759,-30.5134536,18.77227995
2.657369839,-0.5610318961,-0.04579740777,-2.687048016,-30.61200566,19.31563038
2.661771804,-0.5712735847,-0.04760775778,-2.709610276,-30.70076778,19.8050056
2.665591155,-0.5801597557,-0.04916201244,-2.729013678,-30.77778198,20.22961058
2.668730791,-0.5874644895,-0.0504275913,-2.74483753,-30.84109025,20.57865026
2.67109361,-0.5929618665,-0.05137191391,-2.756661139,-30.88873463,20.84132961
2.67258251,-0.5964259671,-0.0519623998,-2.764063812,-30.91875711,21.00685358
2.673100388,-0.5976308716,-0.05216646854,-2.766624857,-30.92919971,21.06442714
2.673100388,-0.5976308716,-0.05216646854,-2.766624857,-30.92919971,21.06442714
