T1P1T09_inf_data.tx,T1P1T09_inf_data.ty,T1P1T09_inf_data.tz,T1P1T09_inf_data.rx,T1P1T09_inf_data.ry,T1P1T09_inf_data.rz
4.698139264,0.1661468071,-1.524498309,18.7654459,-50.91030548,49.97482084
4.697829075,0.1661504726,-1.524274417,18.77296891,-50.90134416,49.958333
4.696914941,0.1661612747,-1.523614602,18.79513936,-50.87493499,49.90955126
4.695421512,0.1661789222,-1.522536657,18.8313594,-50.83179012,49.82949828
4.69337344,0.1662031238,-1.521058375,18.88103117,-50.77262171,49.71919673
4.690795376,0.1662335882,-1.519197549,18.94355682,-50.69814192,49.57966927
4.687711969,0.1662700241,-1.516971971,19.0183385,-50.6090629,49.41193856
4.684147872,0.1663121402,-1.514399434,19.10477834,-50.50609681,49.21702727
4.680127735,0.1663596453,-1.511497731,19.2022785,-50.38995581,48.99595806
4.675676209,0.166412248,-1.508284655,19.31024112,-50.26135206,48.74975361
4.670817944,0.166469657,-1.504777998,19.42806834,-50.12099771,48.47943656
4.665577591,0.1665315811,-1.500995553,19.55516232,-49.96960491,48.18602959
4.659979802,0.1665977289,-1.496955113,19.69092519,-49.80788584,47.87055536
4.654049227,0.1666678091,-1.492674471,19.8347591,-49.63655264,47.53403654
4.647810516,0.1667415306,-1.48817142,19.98606619,-49.45631748,47.17749578
4.641288321,0.1668186019,-1.483463751,20.14424862,-49.2678925,46.80195576
4.634507292,0.1668987317,-1.478569259,20.30870852,-49.07198987,46.40843913
4.627492081,0.1669816289,-1.473505735,20.47884804,-48.86932175,45.99796857
4.620267338,0.1670670021,-1.468290973,20.65406933,-48.66060029,45.57156674
4.612857714,0.1671545599,-1.462942765,20.83377453,-48.44653765,45.13025629
4.605287859,0.1672440112,-1.457478905,21.01736579,-48.22784599,44.6750599
4.597582425,0.1673350645,-1.451917184,21.20424524,-48.00523746,44.20700022
4.589766062,0.1674274287,-1.446275395,21.39381505,-47.77942422,43.72709993
4.581863422,0.1675208124,-1.440571332,21.58547735,-47.55111843,43.23638169
4.573899154,0.1676149244,-1.434822787,21.77863428,-47.32103225,42.73586816
4.56589791,0.1677094733,-1.429047553,21.972688,-47.08987783,42.22658201
4.557884341,0.1678041678,-1.423263423,22.16704064,-46.85836733,41.70954589
4.549883097,0.1678987167,-1.417488188,22.36109436,-46.62721291,41.18578248
4.541918829,0.1679928286,-1.411739644,22.55425129,-46.39712673,40.65631444
4.534016188,0.1680862123,-1.40603558,22.74591359,-46.16882094,40.12216444
4.526199826,0.1681785765,-1.400393792,22.93548339,-45.9430077,39.58435513
4.518494392,0.1682696299,-1.394832071,23.12236285,-45.72039917,39.04390918
4.510924537,0.1683590812,-1.38936821,23.3059541,-45.50170751,38.50184925
4.503514913,0.168446639,-1.384020002,23.4856593,-45.28764487,37.95919802
4.496290169,0.1685320122,-1.37880524,23.66088059,-45.07892341,37.41697814
4.489274958,0.1686149093,-1.373741717,23.83102012,-44.87625528,36.87621228
4.48249393,0.1686950392,-1.368847224,23.99548002,-44.68035266,36.33792311
4.475971735,0.1687721105,-1.364139556,24.15366244,-44.49192768,35.80313328
4.469733024,0.1688458319,-1.359636504,24.30496954,-44.31169252,35.27286546
4.463802449,0.1689159122,-1.355355862,24.44880345,-44.14035932,34.74814232
4.458204659,0.16898206,-1.351315423,24.58456632,-43.97864024,34.22998652
4.452964307,0.1690439841,-1.347532978,24.71166029,-43.82724745,33.71942072
4.448106042,0.1691013931,-1.344026321,24.82948751,-43.6868931,33.21746759
4.443654515,0.1691539958,-1.340813245,24.93745013,-43.55828935,32.7251498
4.439634378,0.1692015008,-1.337911542,25.03495029,-43.44214835,32.24349
4.436070281,0.1692436169,-1.335339005,25.12139014,-43.33918226,31.77351086
4.432986875,0.1692800529,-1.333113427,25.19617181,-43.25010324,31.31623505
4.430408811,0.1693105173,-1.3312526,25.25869747,-43.17562344,30.87268523
4.428360739,0.1693347189,-1.329774318,25.30836924,-43.11645503,30.44388406
4.42686731,0.1693523664,-1.328696373,25.34458928,-43.07331017,30.03085421
4.425953176,0.1693631685,-1.328036558,25.36675973,-43.046901,29.63461835
4.425642986,0.1693668339,-1.327812666,25.37428274,-43.03793968,29.25619913
4.425771461,0.1692291068,-1.328317884,25.36570619,-43.0598206,28.88186309
4.426145788,0.1688252333,-1.329779183,25.34077812,-43.12326433,28.49866436
4.426749321,0.1681691754,-1.332115032,25.3007009,-43.2249724,28.10880702
4.427565413,0.167274895,-1.335243898,25.24667688,-43.36164628,27.71449512
4.428577418,0.1661563538,-1.339084251,25.17990842,-43.5299875,27.31793276
4.42976869,0.1648275139,-1.343554558,25.10159789,-43.72669754,26.92132398
4.431122582,0.1633023371,-1.348573287,25.01294764,-43.94847791,26.52687287
4.432622448,0.1615947853,-1.354058907,24.91516004,-44.19203011,26.13678349
4.434251642,0.1597188204,-1.359929887,24.80943746,-44.45405564,25.75325991
4.435993517,0.1576884043,-1.366104694,24.69698224,-44.73125599,25.37850621
4.437831427,0.1555174988,-1.372501797,24.57899675,-45.02033268,25.01472645
4.439748726,0.1532200658,-1.379039664,24.45668335,-45.31798719,24.66412471
4.441728767,0.1508100673,-1.385636763,24.33124441,-45.62092103,24.32890505
4.443754903,0.1483014651,-1.392211562,24.20388228,-45.92583571,24.01127154
4.44581049,0.1457082211,-1.398682531,24.07579932,-46.22943271,23.71342825
4.44787888,0.1430442973,-1.404968137,23.9481979,-46.52841355,23.43757926
4.449943426,0.1403236554,-1.410986848,23.82228038,-46.81947972,23.18592864
4.451987483,0.1375602574,-1.416657132,23.69924912,-47.09933272,22.96068044
4.453994404,0.1347680651,-1.421897459,23.58030648,-47.36467406,22.76403876
4.455947544,0.1319610405,-1.426626296,23.46665482,-47.61220523,22.59820764
4.457830254,0.1291531455,-1.430762112,23.3594965,-47.83862773,22.46539117
4.45962589,0.1263583418,-1.434223374,23.26003388,-48.04064307,22.36779342
4.461317804,0.1235905915,-1.436928551,23.16946933,-48.21495274,22.30761844
4.462889351,0.1208638564,-1.438796112,23.0890052,-48.35825825,22.28707033
4.464421731,0.1179822263,-1.440161582,23.0184839,-48.47927578,22.29048541
4.46600252,0.1147661366,-1.441417876,22.95632693,-48.58930515,22.30083247
4.467624633,0.1112540674,-1.442569541,22.90160533,-48.68892325,22.31826423
4.469280987,0.1074844991,-1.443621128,22.85339011,-48.77870699,22.34293339
4.470964497,0.1034959119,-1.444577185,22.81075232,-48.85923327,22.37499267
4.472668078,0.09932678588,-1.44544226,22.77276297,-48.93107899,22.41459478
4.474384648,0.09501560138,-1.446220905,22.73849311,-48.99482106,22.46189244
4.476107121,0.0906008386,-1.446917666,22.70701375,-49.05103638,22.51703837
4.477828414,0.08612097776,-1.447537094,22.67739593,-49.10030186,22.58018527
4.479541442,0.08161449908,-1.448083737,22.64871068,-49.1431944,22.65148586
4.481239121,0.07711988278,-1.448562144,22.62002902,-49.1802909,22.73109286
4.482914368,0.07267560909,-1.448976865,22.59042198,-49.21216827,22.81915898
4.484560098,0.06832015823,-1.449332448,22.5589606,-49.23940341,22.91583693
4.486169226,0.06409201043,-1.449633443,22.5247159,-49.26257323,23.02127943
4.487734669,0.0600296459,-1.449884399,22.48675891,-49.28225462,23.13563918
4.489249343,0.05617154487,-1.450089864,22.44416066,-49.2990245,23.25906892
4.490706162,0.05255618756,-1.450254387,22.39599218,-49.31345977,23.39172134
4.492098044,0.0492220542,-1.450382518,22.3413245,-49.32613732,23.53374917
4.493417905,0.04620762501,-1.450478807,22.27922865,-49.33763408,23.68530511
4.494658659,0.04355138021,-1.4505478,22.20877565,-49.34852692,23.84654189
4.495813222,0.04129180002,-1.450594049,22.12903654,-49.35939278,24.01761221
4.496874512,0.03946736468,-1.450622101,22.03908234,-49.37080854,24.1986688
4.497835443,0.03811655439,-1.450636507,21.93798409,-49.3833511,24.38986435
4.498688931,0.03727784939,-1.450641814,21.82481281,-49.39759739,24.5913516
4.499427892,0.03698972989,-1.450642572,21.69863953,-49.41412429,24.80328325
4.500097391,0.03713076002,-1.450642559,21.56421249,-49.43162899,25.02454071
4.500747377,0.0375477352,-1.450642466,21.42695389,-49.4484336,25.25366791
4.501378098,0.03823148263,-1.450642214,21.2869457,-49.4645524,25.49031131
4.501989801,0.03917282949,-1.450641723,21.14426988,-49.47999969,25.73411739
4.502582733,0.04036260299,-1.450640914,20.9990084,-49.49478974,25.98473261
4.50315714,0.04179163032,-1.450639707,20.85124324,-49.50893686,26.24180346
4.50371327,0.04345073868,-1.450638023,20.70105636,-49.52245532,26.5049764
4.504251369,0.04533075525,-1.450635782,20.54852973,-49.53535941,26.77389791
4.504771684,0.04742250724,-1.450632904,20.39374531,-49.54766342,27.04821445
4.505274463,0.04971682183,-1.45062931,20.23678509,-49.55938164,27.3275725
4.505759951,0.05220452623,-1.45062492,20.07773102,-49.57052836,27.61161852
4.506228396,0.05487644762,-1.450619655,19.91666507,-49.58111785,27.899999
4.506680045,0.05772341321,-1.450613435,19.75366922,-49.59116442,28.1923604
4.507115145,0.06073625018,-1.45060618,19.58882543,-49.60068235,28.4883492
4.507533943,0.06390578574,-1.450597811,19.42221567,-49.60968593,28.78761186
4.507936684,0.06722284707,-1.450588249,19.25392191,-49.61818944,29.08979487
4.508323617,0.07067826136,-1.450577414,19.08402612,-49.62620717,29.39454468
4.508694988,0.07426285583,-1.450565226,18.91261026,-49.6337534,29.70150777
4.509051045,0.07796745765,-1.450551605,18.73975631,-49.64084244,30.01033062
4.509392033,0.08178289403,-1.450536473,18.56554624,-49.64748856,30.32065969
4.5097182,0.08569999215,-1.450519749,18.39006201,-49.65370605,30.63214146
4.510029793,0.08970957922,-1.450501354,18.21338558,-49.6595092,30.9444224
4.510327058,0.09380248243,-1.450481209,18.03559894,-49.6649123,31.25714898
4.510610243,0.09796952896,-1.450459233,17.85678405,-49.66992963,31.56996768
4.510879595,0.102201546,-1.450435347,17.67702288,-49.67457548,31.88252496
4.511135359,0.1064893608,-1.450409473,17.49639739,-49.67886415,32.19446729
4.511377784,0.1108238005,-1.450381529,17.31498955,-49.68280991,32.50544115
4.511607116,0.1151956923,-1.450351436,17.13288134,-49.68642705,32.81509302
4.511823601,0.1195958634,-1.450319116,16.95015472,-49.68972987,33.12306935
4.512027488,0.1240151411,-1.450284488,16.76689167,-49.69273265,33.42901663
4.512219022,0.1284443524,-1.450247473,16.58317414,-49.69544968,33.73258132
4.512398451,0.1328743246,-1.450207991,16.39908411,-49.69789524,34.0334099
4.512566021,0.1372958848,-1.450165962,16.21470355,-49.70008363,34.33114884
4.51272198,0.1416998604,-1.450121308,16.03011442,-49.70202912,34.62544461
4.512866574,0.1460770784,-1.450073948,15.8453987,-49.70374602,34.91594368
4.51300005,0.1504183661,-1.450023803,15.66063835,-49.7052486,35.20229253
4.513122655,0.1547145507,-1.449970793,15.47591534,-49.70655115,35.48413762
4.513234635,0.1589564593,-1.449914839,15.29131165,-49.70766797,35.76112543
4.513336239,0.1631349192,-1.449855862,15.10690923,-49.70861333,36.03290243
4.513427712,0.1672407575,-1.44979378,14.92279006,-49.70940153,36.29911509
4.513509302,0.1712648014,-1.449728516,14.7390361,-49.71004685,36.55940989
4.513581255,0.1751978782,-1.44965999,14.55572934,-49.71056359,36.81343329
4.513643819,0.179030815,-1.449588121,14.37295172,-49.71096602,37.06083176
4.51369724,0.1827544391,-1.44951283,14.19078523,-49.71126844,37.30125179
4.513741764,0.1863595775,-1.449434039,14.00931183,-49.71148514,37.53433983
4.51377764,0.1898370576,-1.449351666,13.82861349,-49.7116304,37.75974237
4.513805114,0.1931777065,-1.449265633,13.64877217,-49.7117185,37.97710587
4.513824432,0.1963723514,-1.44917586,13.46986986,-49.71176375,38.18607681
4.513835842,0.1994118194,-1.449082268,13.29198851,-49.71178042,38.38630165
4.51383959,0.2022869379,-1.448984776,13.11521009,-49.7117828,38.57742687
4.513673208,0.2051009551,-1.448758793,12.94115046,-49.70611256,38.75789297
4.513183053,0.2079604221,-1.448286672,12.77118873,-49.689397,38.92671989
4.512382616,0.2108611203,-1.447578752,12.60505177,-49.66207883,39.08442323
4.511285389,0.213798831,-1.446645371,12.44246643,-49.62460077,39.23151865
4.509904861,0.2167693356,-1.445496869,12.28315958,-49.57740552,39.36852177
4.508254523,0.2197684154,-1.444143583,12.12685809,-49.52093581,39.4959482
4.506347865,0.2227918518,-1.442595852,11.97328881,-49.45563436,39.61431359
4.504198378,0.2258354262,-1.440864015,11.82217861,-49.38194386,39.72413356
4.501819553,0.2288949198,-1.438958411,11.67325435,-49.30030706,39.82592374
4.49922488,0.2319661141,-1.436889378,11.5262429,-49.21116665,39.92019976
4.496427849,0.2350447903,-1.434667254,11.38087112,-49.11496535,40.00747724
4.493441952,0.23812673,-1.432302379,11.23686588,-49.01214588,40.08827182
4.490280678,0.2412077143,-1.429805092,11.09395403,-48.90315096,40.16309912
4.486957517,0.2442835246,-1.42718573,10.95186244,-48.78842329,40.23247476
4.483485961,0.2473499424,-1.424454632,10.81031797,-48.6684056,40.29691439
4.479879501,0.2504027489,-1.421622137,10.66904749,-48.5435406,40.35693363
4.476151625,0.2534377255,-1.418698584,10.52777786,-48.41427101,40.4130481
4.472315826,0.2564506536,-1.415694312,10.38623595,-48.28103954,40.46577344
4.468385593,0.2594373145,-1.412619658,10.2441486,-48.1442889,40.51562526
4.464374417,0.2623934896,-1.409484961,10.1012427,-48.00446182,40.56311921
4.460295789,0.2653149602,-1.406300561,9.957245105,-47.862001,40.60877091
4.456163199,0.2681975076,-1.403076796,9.811882672,-47.71734916,40.65309599
4.451990137,0.2710369133,-1.399824004,9.66488227,-47.57094903,40.69661007
4.447790094,0.2738289586,-1.396552524,9.515970759,-47.42324331,40.73982878
4.44357656,0.2765694247,-1.393272695,9.364875005,-47.27467471,40.78326776
4.439363027,0.2792540932,-1.389994856,9.211321871,-47.12568597,40.82744263
4.435162984,0.2818787453,-1.386729344,9.055038219,-46.97671978,40.87286901
4.430989922,0.2844391624,-1.383486499,8.895750913,-46.82821887,40.92006255
4.426857332,0.2869311258,-1.380276659,8.733186816,-46.68062594,40.96953886
4.422778703,0.2893504169,-1.377110163,8.567072792,-46.53438373,41.02181357
4.418767528,0.291692817,-1.37399735,8.397135704,-46.38993493,41.07740232
4.414837295,0.2939541075,-1.370948558,8.223102415,-46.24772228,41.13682072
4.411001495,0.2961300698,-1.367974125,8.044699789,-46.10818847,41.20058442
4.40727362,0.2982164852,-1.365084391,7.861654688,-45.97177624,41.26920903
4.403667159,0.300209135,-1.362289694,7.673693977,-45.83892828,41.34321019
4.400195604,0.3021038006,-1.359600373,7.480544518,-45.71008733,41.42310352
4.396872443,0.3038962634,-1.357026766,7.281933175,-45.58569609,41.50940466
4.393711169,0.3055823047,-1.354579212,7.07758681,-45.46619728,41.60262923
4.390725271,0.3071577058,-1.35226805,6.867232288,-45.35203361,41.70329285
4.387928241,0.3086182482,-1.350103618,6.650596472,-45.24364781,41.81191116
4.385333567,0.3099597131,-1.348096255,6.427406224,-45.14148258,41.92899979
4.382954742,0.3111778819,-1.3462563,6.197388409,-45.04598065,42.05507436
4.380805256,0.312268536,-1.34459409,5.960269889,-44.95758472,42.1906505
4.378898598,0.3132274567,-1.343119965,5.715777528,-44.87673751,42.33624385
4.37724826,0.3140504254,-1.341844264,5.46363819,-44.80388174,42.49237002
4.375867732,0.3147332234,-1.340777325,5.203578736,-44.73946012,42.65954465
4.374770505,0.3152716321,-1.339929487,4.935326032,-44.68391537,42.83828337
4.373970068,0.3156614329,-1.339311088,4.658606939,-44.63769021,43.0291018
4.373479913,0.315898407,-1.338932466,4.373148322,-44.60122734,43.23251557
4.37331353,0.3159783358,-1.338803962,4.078677043,-44.57496949,43.44904031
4.373464824,0.3159688645,-1.338858638,3.772192113,-44.55479083,43.68012457
4.373910528,0.3159405505,-1.339019712,3.451286837,-44.53622556,43.92643921
4.374638375,0.3158935439,-1.33928275,3.116579523,-44.51920646,44.18733332
4.375636098,0.3158279947,-1.339643318,2.76868848,-44.50366631,44.46215598
4.37689143,0.3157440529,-1.340096984,2.408232015,-44.48953789,44.75025629
4.378392103,0.3156418686,-1.340639314,2.035828437,-44.47675396,45.05098334
4.380125851,0.3155215919,-1.341265876,1.652096053,-44.4652473,45.36368622
4.382080406,0.3153833728,-1.341972235,1.257653172,-44.45495069,45.68771402
4.384243502,0.3152273612,-1.34275396,0.8531181011,-44.44579691,46.02241582
4.386602871,0.3150537073,-1.343606615,0.4391091492,-44.43771872,46.36714073
4.389146246,0.3148625611,-1.344525769,0.01624462398,-44.4306489,46.72123783
4.391861361,0.3146540727,-1.345506988,-0.4148571666,-44.42452024,47.08405621
4.394735947,0.314428392,-1.346545839,-0.8535779143,-44.41926549,47.45494495
4.397757739,0.3141856691,-1.347637889,-1.299299311,-44.41481745,47.83325317
4.400914469,0.3139260541,-1.348778703,-1.75140305,-44.41110887,48.21832993
4.404193869,0.3136496969,-1.349963851,-2.209270821,-44.40807255,48.60952434
4.407583673,0.3133567477,-1.351188897,-2.672284317,-44.40564125,49.00618548
4.411071614,0.3130473565,-1.352449408,-3.139825231,-44.40374775,49.40766244
4.414645424,0.3127216732,-1.353740953,-3.611275253,-44.40232483,49.81330432
4.418292837,0.312379848,-1.355059096,-4.086016077,-44.40130525,50.2224602
4.422001585,0.3120220309,-1.356399406,-4.563429394,-44.4006218,50.63447917
4.425759402,0.3116483719,-1.357757448,-5.042896895,-44.40020724,51.04871033
4.42955402,0.3112590211,-1.359128791,-5.523800274,-44.39999436,51.46450277
4.433373172,0.3108541285,-1.360508999,-6.005521221,-44.39991593,51.88120558
4.437204591,0.3104338441,-1.361893641,-6.487441429,-44.39990473,52.29816784
4.44103601,0.309998318,-1.363278283,-6.96894259,-44.39989353,52.71473864
4.444855162,0.3095477002,-1.364658492,-7.449406395,-44.3998151,53.13026709
4.44864978,0.3090821408,-1.366029834,-7.928214538,-44.39960222,53.54410226
4.452407597,0.3086017898,-1.367387877,-8.404748709,-44.39918766,53.95559325
4.456116345,0.3081067972,-1.368728186,-8.878390601,-44.39850421,54.36408915
4.459763758,0.3075973131,-1.37004633,-9.348521905,-44.39748463,54.76893905
4.463337568,0.3070734875,-1.371337874,-9.814524314,-44.39606171,55.16949204
4.466825509,0.3065354705,-1.372598386,-10.27577952,-44.39416821,55.56509721
4.470215313,0.3059834121,-1.373823432,-10.73166921,-44.39173691,55.95510365
4.473494714,0.3054174623,-1.375008579,-11.18157509,-44.38870059,56.33886045
4.476651443,0.3048377711,-1.376149394,-11.62487884,-44.38499201,56.7157167
4.479673235,0.3042444887,-1.377241443,-12.06096215,-44.38054397,57.08502149
4.482547821,0.3036377651,-1.378280294,-12.48920671,-44.37528922,57.44612392
4.485262936,0.3030177502,-1.379261513,-12.90899423,-44.36916056,57.79837307
4.487806311,0.3023845942,-1.380180667,-13.31970639,-44.36209074,58.14111803
4.49016568,0.301738447,-1.381033323,-13.72072488,-44.35401255,58.4737079
4.492328776,0.3010794588,-1.381815047,-14.11143139,-44.34485877,58.79549176
4.494283331,0.3004077795,-1.382521407,-14.49120762,-44.33456216,59.1058187
4.496017079,0.2997235592,-1.383147968,-14.85943525,-44.3230555,59.40403782
4.497517753,0.2990269479,-1.383690299,-15.21549599,-44.31027157,59.68949821
4.498773084,0.2983180957,-1.384143965,-15.55877152,-44.29614315,59.96154895
4.499770807,0.2975971525,-1.384504533,-15.88864354,-44.280603,60.21953914
4.500498654,0.2968642686,-1.384767571,-16.20449372,-44.2635839,60.46281786
4.500944358,0.2961195938,-1.384928644,-16.50570378,-44.24501863,60.69073421
4.501095652,0.2953632783,-1.384983321,-16.7916554,-44.22483997,60.90263728
4.500942955,0.2945655482,-1.384602486,-17.06697679,-44.19038468,61.10227031
4.500492818,0.2936988685,-1.383480567,-17.33670909,-44.12977261,61.2939191
4.499757168,0.2927667471,-1.381648443,-17.60085344,-44.04411112,61.4777466
4.498747935,0.291772692,-1.379136992,-17.85941094,-43.9345076,61.65391575
4.497477047,0.2907202113,-1.375977092,-18.11238271,-43.80206941,61.8225895
4.495956433,0.2896128127,-1.372199623,-18.35976986,-43.64790392,61.98393078
4.494198022,0.2884540044,-1.367835462,-18.60157351,-43.47311851,62.13810256
4.492213743,0.2872472943,-1.362915488,-18.83779477,-43.27882056,62.28526775
4.490015524,0.2859961904,-1.35747058,-19.06843475,-43.06611742,62.42558932
4.487615293,0.2847042007,-1.351531616,-19.29349458,-42.83611648,62.5592302
4.48502498,0.283374833,-1.345129474,-19.51297536,-42.58992511,62.68635334
4.482256514,0.2820115954,-1.338295033,-19.72687821,-42.32865068,62.80712168
4.479321822,0.280617996,-1.331059172,-19.93520425,-42.05340056,62.92169816
4.476232835,0.2791975425,-1.323452769,-20.13795458,-41.76528213,63.03024574
4.47300148,0.2777537431,-1.315506703,-20.33513033,-41.46540275,63.13292734
4.469639686,0.2762901056,-1.307251851,-20.5267326,-41.15486981,63.22990592
4.466159382,0.2748101381,-1.298719093,-20.71276252,-40.83479066,63.32134442
4.462572497,0.2733173486,-1.289939308,-20.8932212,-40.5062727,63.40740578
4.458890959,0.271815245,-1.280943372,-21.06810975,-40.17042328,63.48825294
4.455126697,0.2703073352,-1.271762166,-21.23742928,-39.82834978,63.56404886
4.45129164,0.2687971273,-1.262426567,-21.40118092,-39.48115957,63.63495647
4.447397716,0.2672881292,-1.252967454,-21.55936577,-39.12996003,63.70113871
4.443456855,0.2657838489,-1.243415706,-21.71198495,-38.77585853,63.76275854
4.439480985,0.2642877944,-1.2338022,-21.85903958,-38.41996244,63.81997889
4.435482035,0.2628034736,-1.224157817,-22.00053076,-38.06337913,63.8729627
4.431471933,0.2613343946,-1.214513433,-22.13645962,-37.70721598,63.92187293
4.427462608,0.2598840652,-1.204899927,-22.26682727,-37.35258035,63.96687251
4.423465989,0.2584559935,-1.195348179,-22.39163483,-37.00057963,64.00812439
4.419494004,0.2570536874,-1.185889066,-22.5108834,-36.65232117,64.04579151
4.415558583,0.255680655,-1.176553467,-22.6245741,-36.30891237,64.08003682
4.411671654,0.2543404041,-1.167372261,-22.73270805,-35.97146058,64.11102325
4.407845146,0.2530364428,-1.158376326,-22.83528636,-35.64107318,64.13891376
4.404090987,0.2517722791,-1.14959654,-22.93231015,-35.31885755,64.16387128
4.400421106,0.2505514208,-1.141063782,-23.02378053,-35.00592105,64.18605877
4.396847433,0.249377376,-1.13280893,-23.10969861,-34.70337105,64.20563915
4.393381895,0.2482536526,-1.124862864,-23.19006551,-34.41231494,64.22277538
4.390036421,0.2471837587,-1.117256461,-23.26488235,-34.13386008,64.2376304
4.38682294,0.2461712022,-1.1100206,-23.33415024,-33.86911385,64.25036716
4.383753381,0.245219491,-1.103186159,-23.39787029,-33.61918362,64.26114859
4.380839673,0.2443321332,-1.096784017,-23.45604362,-33.38517675,64.27013765
4.378093744,0.2435126367,-1.090845053,-23.50867134,-33.16820063,64.27749726
4.375527522,0.2427645095,-1.085400145,-23.55575457,-32.96936262,64.28339039
4.373152938,0.2420912596,-1.080480171,-23.59729443,-32.78977011,64.28797997
4.370981919,0.2414963949,-1.07611601,-23.63329202,-32.63053045,64.29142894
4.369026394,0.2409834234,-1.072338541,-23.66374846,-32.49275102,64.29390025
4.367298292,0.2405558531,-1.069178641,-23.68866486,-32.3775392,64.29555684
4.365809541,0.2402171919,-1.06666719,-23.70804235,-32.28600236,64.29656166
4.364572071,0.2399709479,-1.064835066,-23.72188203,-32.21924787,64.29707765
4.363597809,0.2398206289,-1.063713147,-23.73018503,-32.17838311,64.29726775
4.362898685,0.2397697431,-1.063332312,-23.73295244,-32.16451543,64.29729491
4.362351761,0.2398479855,-1.063636882,-23.71045674,-32.17797627,64.27176706
4.361825869,0.2400793026,-1.064535331,-23.64405666,-32.21767789,64.19650963
4.361320598,0.2404585794,-1.066004772,-23.53538273,-32.28259895,64.07351181
4.360835535,0.2409807006,-1.068022318,-23.38606547,-32.37171814,63.90476277
4.360370267,0.2416405512,-1.070565081,-23.19773544,-32.4840141,63.69225171
4.359924383,0.2424330159,-1.073610172,-22.97202315,-32.6184655,63.43796781
4.35949747,0.2433529797,-1.077134705,-22.71055913,-32.77405102,63.14390024
4.359089115,0.2443953274,-1.081115792,-22.41497393,-32.94974932,62.81203819
4.358698906,0.2455549438,-1.085530544,-22.08689806,-33.14453906,62.44437084
4.358326431,0.2468267139,-1.090356075,-21.72796207,-33.35739891,62.04288739
4.357971277,0.2482055224,-1.095569496,-21.33979648,-33.58730754,61.609577
4.357633032,0.2496862544,-1.10114792,-20.92403183,-33.83324361,61.14642887
4.357311284,0.2512637945,-1.107068459,-20.48229865,-34.09418579,60.65543217
4.357005619,0.2529330277,-1.113308225,-20.01622746,-34.36911274,60.13857609
4.356715626,0.2546888388,-1.119844331,-19.52744881,-34.65700313,59.59784982
4.356440892,0.2565261127,-1.126653888,-19.01759322,-34.95683563,59.03524253
4.356181005,0.2584397342,-1.13371401,-18.48829123,-35.2675889,58.45274341
4.355935552,0.2604245883,-1.141001808,-17.94117336,-35.5882416,57.85234164
4.355704121,0.2624755597,-1.148494395,-17.37787015,-35.91777241,57.23602641
4.3554863,0.2645875334,-1.156168883,-16.80001213,-36.25515999,56.6057869
4.355281676,0.2667553942,-1.164002384,-16.20922983,-36.59938301,55.96361228
4.355089836,0.2689740269,-1.17197201,-15.60715379,-36.94942012,55.31149175
4.354910369,0.2712383164,-1.180054875,-14.99541453,-37.30425001,54.65141449
4.354742862,0.2735431477,-1.188228089,-14.37564259,-37.66285133,53.98536968
4.354586902,0.2758834054,-1.196468766,-13.7494685,-38.02420274,53.31534651
4.354442077,0.2782539745,-1.204754017,-13.11852279,-38.38728292,52.64333415
4.354307975,0.2806497399,-1.213060956,-12.48443599,-38.75107054,51.97132179
4.354184184,0.2830655865,-1.221366694,-11.84883863,-39.11454425,51.30129861
4.35407029,0.285496399,-1.229648343,-11.21336125,-39.47668272,50.6352538
4.353965881,0.2879370623,-1.237883016,-10.57963438,-39.83646462,49.97517654
4.353870546,0.2903824613,-1.246047825,-9.94928855,-40.19286862,49.32305601
4.353783871,0.2928274809,-1.254119882,-9.323954289,-40.54487338,48.6808814
4.353705444,0.2952670059,-1.2620763,-8.705262132,-40.89145757,48.05064188
4.353634853,0.2976959212,-1.269894191,-8.094842609,-41.23159985,47.43432665
4.353571686,0.3001091117,-1.277550667,-7.494326253,-41.56427888,46.83392488
4.353515529,0.3025014621,-1.28502284,-6.905343595,-41.88847335,46.25142576
4.353465971,0.3048678574,-1.292287824,-6.329525168,-42.2031619,45.68881848
4.353422599,0.3072031824,-1.299322729,-5.768501502,-42.50732321,45.1480922
4.353385001,0.3095023221,-1.306104669,-5.22390313,-42.79993594,44.63123612
4.353352765,0.3117601611,-1.312610755,-4.697360583,-43.07997876,44.14023943
4.353325477,0.3139715845,-1.3188181,-4.190504393,-43.34643034,43.67709129
4.353302726,0.316131477,-1.324703816,-3.704965092,-43.59826934,43.24378091
4.353284098,0.3182347236,-1.330245016,-3.242373212,-43.83447442,42.84229745
4.353269183,0.320276209,-1.335418811,-2.804359284,-44.05402426,42.47463011
4.353257567,0.3222508182,-1.340202314,-2.39255384,-44.25589751,42.14276806
4.353248837,0.324153436,-1.344572638,-2.008587413,-44.43907285,41.84870049
4.353242582,0.3259789473,-1.348506894,-1.654090532,-44.60252894,41.59441658
4.35323839,0.3277222369,-1.351982195,-1.330693732,-44.74524444,41.38190552
4.353235846,0.3293781897,-1.354975653,-1.040027542,-44.86619803,41.21315649
4.35323454,0.3309416905,-1.35746438,-0.7837224957,-44.96436837,41.09015866
4.353234059,0.3324076243,-1.359425489,-0.5634091239,-45.03873412,41.01490124
4.353233991,0.3337708758,-1.360836092,-0.3807179585,-45.08827395,40.98937339
4.353247543,0.3350555993,-1.361918715,-0.220760621,-45.1237765,40.99176428
4.353287845,0.3362905722,-1.362913648,-0.06746718782,-45.15677709,40.99887674
4.353354367,0.3374776141,-1.363824649,0.07930412608,-45.1873744,41.0106205
4.353446577,0.3386185445,-1.364655475,0.2196951059,-45.21566709,41.02690523
4.353563946,0.3397151829,-1.365409884,0.3538475369,-45.24175384,41.04764066
4.353705941,0.3407693491,-1.366091633,0.4819032043,-45.26573333,41.07273647
4.353872034,0.3417828625,-1.36670448,0.6040038932,-45.28770422,41.10210238
4.354061691,0.3427575427,-1.367252183,0.7202913889,-45.30776521,41.13564808
4.354274384,0.3436952094,-1.367738499,0.8309074765,-45.32601495,41.17328328
4.35450958,0.344597682,-1.368167187,0.9359939413,-45.34255212,41.21491768
4.35476675,0.3454667802,-1.368542003,1.035692569,-45.3574754,41.26046098
4.355045362,0.3463043235,-1.368866705,1.130145143,-45.37088347,41.30982288
4.355344887,0.3471121315,-1.369145051,1.219493451,-45.38287499,41.36291309
4.355664792,0.3478920238,-1.369380799,1.303879276,-45.39354865,41.41964132
4.356004547,0.34864582,-1.369577706,1.383444405,-45.40300311,41.47991725
4.356363621,0.3493753396,-1.369739529,1.458330622,-45.41133705,41.5436506
4.356741485,0.3500824021,-1.369870027,1.528679712,-45.41864914,41.61075106
4.357137606,0.3507688273,-1.369972957,1.594633462,-45.42503807,41.68112834
4.357551454,0.3514364347,-1.370052077,1.656333655,-45.4306025,41.75469215
4.357982498,0.3520870437,-1.370111144,1.713922077,-45.4354411,41.83135218
4.358430208,0.3527224741,-1.370153916,1.767540514,-45.43965256,41.91101813
4.358894053,0.3533445454,-1.370184151,1.817330751,-45.44333555,41.99359972
4.359373501,0.3539550772,-1.370205606,1.863434572,-45.44658874,42.07900663
4.359868023,0.3545558889,-1.370222039,1.905993763,-45.4495108,42.16714858
4.360377087,0.3551488003,-1.370237207,1.945150109,-45.45220041,42.25793527
4.360900163,0.3557356309,-1.370254868,1.981045396,-45.45475625,42.35127639
4.36143672,0.3563182002,-1.37027878,2.013821408,-45.45727699,42.44708166
4.361986226,0.3568983279,-1.370312701,2.043619931,-45.45986131,42.54526077
4.362548152,0.3574778335,-1.370360387,2.070582751,-45.46260787,42.64572342
4.363121967,0.3580585366,-1.370425597,2.094851651,-45.46561535,42.74837933
4.363707139,0.3586422568,-1.370512089,2.116568417,-45.46898243,42.85313818
4.364303138,0.3592308136,-1.370623619,2.135874836,-45.47280779,42.95990969
4.364909433,0.3598260266,-1.370763946,2.152912691,-45.47719008,43.06860355
4.365525494,0.3604297154,-1.370936827,2.167823768,-45.48222801,43.17912948
4.36615079,0.3610436996,-1.37114602,2.180749852,-45.48802022,43.29139716
4.366784789,0.3616697988,-1.371395282,2.191832728,-45.49466541,43.4053163
4.367426961,0.3623098324,-1.371688371,2.201214182,-45.50226223,43.52079662
4.368076776,0.3629656202,-1.372029045,2.209035999,-45.51090938,43.63774779
4.368733702,0.3636389816,-1.372421062,2.215439964,-45.52070552,43.75607954
4.369397209,0.3643317363,-1.372868178,2.220567862,-45.53174933,43.87570157
4.370066766,0.3650457038,-1.373374152,2.224561479,-45.54413948,43.99652356
4.370741842,0.3657827037,-1.373942741,2.227562599,-45.55797465,44.11845524
4.371421906,0.3665445556,-1.374577703,2.229713008,-45.5733535,44.2414063
4.372106428,0.367333079,-1.375282796,2.231154491,-45.59037473,44.36528643
4.372794877,0.3681500935,-1.376061777,2.232028833,-45.60913699,44.49000536
4.373486722,0.3689974188,-1.376918403,2.232477819,-45.62973897,44.61547277
4.374181432,0.3698768743,-1.377856433,2.232643235,-45.65227933,44.74159837
4.374878477,0.3707902797,-1.378879624,2.232666866,-45.67685676,44.86829186
4.375604237,0.3717362613,-1.380006839,2.22498949,-45.70374759,45.0003494
4.376383572,0.3727112588,-1.381250606,2.202372354,-45.73308032,45.1422825
4.377213667,0.3737138116,-1.38260518,2.165437948,-45.76473185,45.29357387
4.378091708,0.3747424592,-1.384064815,2.114808763,-45.79857906,45.45370625
4.379014882,0.3757957412,-1.385623766,2.051107289,-45.83449886,45.62216238
4.379980374,0.3768721969,-1.387276286,1.974956015,-45.87236814,45.79842497
4.380985371,0.3779703659,-1.389016631,1.886977431,-45.91206381,45.98197676
4.382027059,0.3790887876,-1.390839055,1.787794028,-45.95346275,46.17230048
4.383102623,0.3802260015,-1.392737812,1.678028295,-45.99644186,46.36887885
4.384209249,0.3813805472,-1.394707158,1.558302722,-46.04087805,46.57119461
4.385344125,0.382550964,-1.396741345,1.4292398,-46.08664821,46.77873049
4.386504435,0.3837357915,-1.39883463,1.291462018,-46.13362923,46.99096921
4.387687366,0.3849335691,-1.400981266,1.145591866,-46.18169801,47.2073935
4.388890103,0.3861428363,-1.403175508,0.9922518348,-46.23073146,47.4274861
4.390109834,0.3873621326,-1.40541161,0.8320644135,-46.28060646,47.65072972
4.391343743,0.3885899975,-1.407683826,0.6656520925,-46.33119991,47.87660711
4.392589018,0.3898249705,-1.409986412,0.4936373616,-46.38238872,48.10460099
4.393842843,0.391065591,-1.412313622,0.316642711,-46.43404977,48.33419409
4.395102405,0.3923103984,-1.41465971,0.1352906304,-46.48605997,48.56486914
4.396364891,0.3935579324,-1.417018931,-0.04979638998,-46.5382962,48.79610886
4.397627485,0.3948067324,-1.419385538,-0.2379958603,-46.59063538,49.02739599
4.398887375,0.3960553378,-1.421753788,-0.4286852905,-46.64295439,49.25821326
4.400141746,0.3973022881,-1.424117933,-0.6212421906,-46.69513013,49.48804339
4.401387784,0.3985461228,-1.426472229,-0.8150440708,-46.7470395,49.71636912
4.402622675,0.3997853814,-1.42881093,-1.009468441,-46.7985594,49.94267318
4.403843606,0.4010186034,-1.431128291,-1.203892811,-46.84956672,50.16643828
4.405047761,0.4022443282,-1.433418566,-1.397694691,-46.89993836,50.38714717
4.406232329,0.4034610953,-1.435676009,-1.590251591,-46.94955122,50.60428257
4.407394493,0.4046674443,-1.437894875,-1.780941021,-46.99828219,50.81732721
4.408531442,0.4058619145,-1.440069418,-1.969140492,-47.04600817,51.02576382
4.409640359,0.4070430455,-1.442193894,-2.154227512,-47.09260606,51.22907513
4.410718432,0.4082093767,-1.444262555,-2.335579593,-47.13795276,51.42674387
4.411762847,0.4093594476,-1.446269658,-2.512574243,-47.18192515,51.61825277
4.41277079,0.4104917977,-1.448209456,-2.684588974,-47.22440015,51.80308455
4.413739446,0.4116049666,-1.450076203,-2.851001295,-47.26525464,51.98072195
4.414666001,0.4126974935,-1.451864155,-3.011188716,-47.30436552,52.15064769
4.415547643,0.4137679181,-1.453567566,-3.164528748,-47.34160969,52.31234451
4.416381556,0.4148147798,-1.45518069,-3.3103989,-47.37686405,52.46529514
4.417164927,0.4158366181,-1.456697782,-3.448176682,-47.41000549,52.60898229
4.417894942,0.4168319725,-1.458113095,-3.577239604,-47.44091092,52.74288871
4.418568787,0.4177993824,-1.459420886,-3.696965177,-47.46945722,52.86649712
4.419183648,0.4187373874,-1.460615408,-3.80673091,-47.49552129,52.97929025
4.419736711,0.4196445268,-1.461690915,-3.905914313,-47.51898004,53.08075083
4.420225162,0.4205193403,-1.462641662,-3.993892897,-47.53971035,53.17036159
4.420646187,0.4213603672,-1.463461904,-4.070044171,-47.55758913,53.24760525
4.420996972,0.4221661471,-1.464145895,-4.133745645,-47.57249327,53.31196456
4.421274703,0.4229352194,-1.464687889,-4.18437483,-47.58429967,53.36292223
4.421476566,0.4236661236,-1.465082141,-4.221309236,-47.59288523,53.399961
4.421599748,0.4243573992,-1.465322906,-4.243926371,-47.59812684,53.42256359
4.421641434,0.4250075856,-1.465404438,-4.251603748,-47.5999014,53.43021273
4.421515952,0.4256242414,-1.465304242,-4.247891266,-47.59646302,53.42684771
4.421146288,0.4262162344,-1.465008558,-4.236954496,-47.58631962,53.41693451
4.420542618,0.4267840677,-1.46452474,-4.219094448,-47.56972875,53.400746
4.419715115,0.4273282449,-1.46386014,-4.194612136,-47.54694798,53.37855499
4.418673953,0.4278492692,-1.463022112,-4.163808572,-47.51823489,53.35063435
4.417429307,0.4283476438,-1.46201801,-4.126984767,-47.48384705,53.3172569
4.415991351,0.4288238723,-1.460855188,-4.084441733,-47.44404201,53.27869549
4.414370258,0.4292784577,-1.459540999,-4.036480482,-47.39907736,53.23522295
4.412576204,0.4297119036,-1.458082797,-3.983402027,-47.34921066,53.18711214
4.410619363,0.4301247132,-1.456487935,-3.92550738,-47.29469948,53.13463587
4.408509908,0.4305173898,-1.454763767,-3.863097552,-47.23580139,53.07806701
4.406258014,0.4308904368,-1.452917648,-3.796473555,-47.17277395,53.01767838
4.403873856,0.4312443575,-1.450956929,-3.725936402,-47.10587475,52.95374284
4.401367606,0.4315796552,-1.448888965,-3.651787105,-47.03536134,52.8865332
4.398749441,0.4318968332,-1.44672111,-3.574326676,-46.96149129,52.81632233
4.396029533,0.4321963949,-1.444460717,-3.493856126,-46.88452218,52.74338306
4.393218057,0.4324788436,-1.44211514,-3.410676467,-46.80471157,52.66798822
4.390325187,0.4327446825,-1.439691732,-3.325088713,-46.72231704,52.59041066
4.387361098,0.4329944151,-1.437197847,-3.237393874,-46.63759615,52.51092322
4.384335963,0.4332285447,-1.434640839,-3.147892963,-46.55080646,52.42979875
4.381259958,0.4334475745,-1.432028061,-3.056886992,-46.46220556,52.34731006
4.378143255,0.433652008,-1.429366867,-2.964676973,-46.37205101,52.26373002
4.37499603,0.4338423483,-1.426664611,-2.871563918,-46.28060037,52.17933146
4.371828457,0.434019099,-1.423928645,-2.777848839,-46.18811123,52.09438722
4.368650709,0.4341827632,-1.421166325,-2.683832747,-46.09484114,52.00917014
4.365472961,0.4343338443,-1.418385002,-2.589816656,-46.00104767,51.92395305
4.362305387,0.4344728456,-1.415592032,-2.496101576,-45.9069884,51.83900881
4.359158162,0.4346002704,-1.412794767,-2.402988521,-45.81292089,51.75461025
4.35604146,0.4347166222,-1.410000561,-2.310778502,-45.71910272,51.67103021
4.352965454,0.4348224041,-1.407216769,-2.219772531,-45.62579145,51.58854153
4.34994032,0.4349181196,-1.404450742,-2.13027162,-45.53324464,51.50741705
4.346976231,0.4350042719,-1.401709836,-2.042576781,-45.44171988,51.42792961
4.344083361,0.4350813643,-1.399001404,-1.956989027,-45.35147473,51.35035205
4.341271885,0.4351499003,-1.396332798,-1.873809369,-45.26276676,51.27495721
4.338551977,0.435210383,-1.393711374,-1.793338819,-45.17585353,51.20201794
4.335933811,0.435263316,-1.391144484,-1.715878389,-45.09099262,51.13180707
4.333427562,0.4353092023,-1.388639483,-1.641729092,-45.00844159,51.06459744
4.331043403,0.4353485455,-1.386203723,-1.571191939,-44.92845802,51.00066189
4.32879151,0.4353818488,-1.383844558,-1.504567943,-44.85129948,50.94027326
4.326682055,0.4354096155,-1.381569343,-1.442158115,-44.77722353,50.8837044
4.324725213,0.4354323489,-1.37938543,-1.384263467,-44.70648773,50.83122814
4.322931159,0.4354505525,-1.377300173,-1.331185012,-44.63934967,50.78311732
4.321310067,0.4354647295,-1.375320927,-1.283223762,-44.57606691,50.73964478
4.319872111,0.4354753831,-1.373455043,-1.240680728,-44.51689702,50.70108337
4.318627465,0.4354830169,-1.371709877,-1.203856922,-44.46209757,50.66770592
4.317586303,0.435488134,-1.370092782,-1.173053358,-44.41192612,50.63978528
4.3167588,0.4354912379,-1.368611111,-1.148571046,-44.36664026,50.61759428
4.316155129,0.4354928317,-1.367272218,-1.130710999,-44.32649753,50.60140576
4.315785466,0.4354934189,-1.366083456,-1.119774228,-44.29175552,50.59149257
4.315659984,0.4354935028,-1.36505218,-1.116061746,-44.2626718,50.58812754
4.315767603,0.435418979,-1.364137214,-1.118735883,-44.23753587,50.59665813
4.316084908,0.435198951,-1.36329065,-1.126613744,-44.21440969,50.62185613
4.316603572,0.4348387336,-1.362509738,-1.139478508,-44.19320953,50.66313091
4.317315265,0.4343436418,-1.36179173,-1.157113353,-44.17385165,50.71989181
4.318211661,0.4337189905,-1.361133876,-1.179301457,-44.15625231,50.79154818
4.319284432,0.4329700946,-1.360533428,-1.205825998,-44.14032777,50.87750938
4.320525248,0.4321022691,-1.359987637,-1.236470155,-44.12599429,50.97718476
4.321925784,0.4311208288,-1.359493754,-1.271017105,-44.11316812,51.08998367
4.32347771,0.4300310887,-1.359049031,-1.309250027,-44.10176554,51.21531547
4.325172698,0.4288383637,-1.358650717,-1.350952099,-44.09170279,51.35258951
4.327002421,0.4275479688,-1.358296065,-1.395906499,-44.08289614,51.50121514
4.328958551,0.4261652187,-1.357982326,-1.443896404,-44.07526185,51.66060171
4.33103276,0.4246954286,-1.35770675,-1.494704994,-44.06871618,51.83015858
4.333216719,0.4231439132,-1.357466589,-1.548115447,-44.06317539,52.0092951
4.335502101,0.4215159876,-1.357259094,-1.60391094,-44.05855574,52.19742062
4.337880579,0.4198169666,-1.357081515,-1.661874651,-44.05477348,52.39394449
4.340343823,0.4180521652,-1.356931105,-1.72178976,-44.05174489,52.59827607
4.342883506,0.4162268982,-1.356805114,-1.783439443,-44.04938621,52.80982471
4.345491301,0.4143464806,-1.356700794,-1.846606879,-44.04761372,53.02799977
4.348158878,0.4124162273,-1.356615395,-1.911075247,-44.04634366,53.25221059
4.350877911,0.4104414533,-1.356546168,-1.976627724,-44.04549231,53.48186653
4.353640071,0.4084274735,-1.356490366,-2.043047488,-44.04497591,53.71637694
4.356437031,0.4063796027,-1.356445238,-2.110117718,-44.04471074,53.95515118
4.359260462,0.404303156,-1.356408036,-2.177621591,-44.04461304,54.19759859
4.362102036,0.4022034481,-1.356376011,-2.245342287,-44.04459908,54.44312853
4.364953426,0.4000857941,-1.356346414,-2.313062982,-44.04458513,54.69115035
4.367806304,0.3979555089,-1.356316497,-2.380566856,-44.04448743,54.94107341
4.370652341,0.3958179074,-1.35628351,-2.447637085,-44.04422225,55.19230705
4.37348321,0.3936783045,-1.356244705,-2.51405685,-44.04370586,55.44426064
4.376290583,0.3915420151,-1.356197332,-2.579609326,-44.0428545,55.69634352
4.379066131,0.3894143542,-1.356138644,-2.644077694,-44.04158445,55.94796504
4.381801527,0.3873006366,-1.35606589,-2.70724513,-44.03981195,56.19853456
4.384488444,0.3852061774,-1.355976322,-2.768894814,-44.03745328,56.44746144
4.387118552,0.3831362913,-1.355867191,-2.828809922,-44.03442468,56.69415501
4.389683524,0.3810962934,-1.355735749,-2.886773633,-44.03064243,56.93802465
4.392175032,0.3790914986,-1.355579246,-2.942569126,-44.02602278,57.17847969
4.394584749,0.3771272218,-1.355394934,-2.995979579,-44.02048198,57.4149295
4.396904346,0.3752087778,-1.355180063,-3.046788169,-44.01393631,57.64678342
4.399125495,0.3733414817,-1.354931885,-3.094778075,-44.00630202,57.87345081
4.401239868,0.3715306483,-1.354647651,-3.139732474,-43.99749538,58.09434102
4.403239138,0.3697815926,-1.354324612,-3.181434546,-43.98743263,58.3088634
4.405114976,0.3680996295,-1.353960019,-3.219667468,-43.97603004,58.51642731
4.406859055,0.3664900739,-1.353551123,-3.254214418,-43.96320388,58.7164421
4.408463046,0.3649582407,-1.353095176,-3.284858575,-43.94887039,58.90831712
4.409918622,0.3635094449,-1.352589428,-3.311383117,-43.93294585,59.09146172
4.411217454,0.3621490014,-1.352031131,-3.333571221,-43.91534651,59.26528526
4.412351216,0.360882225,-1.351417535,-3.351206065,-43.89598863,59.42919709
4.413311578,0.3597144308,-1.350745893,-3.364070829,-43.87478847,59.58260656
4.414090213,0.3586509336,-1.350013454,-3.37194869,-43.8516623,59.72492303
4.414678792,0.3576970484,-1.349217471,-3.374622827,-43.82652636,59.85555585
4.415150199,0.3568351546,-1.348361231,-3.37229457,-43.79910344,59.97899533
4.415583915,0.3560421739,-1.347451272,-3.365409618,-43.76923885,60.10012064
4.415981509,0.3553152351,-1.346489714,-3.354117699,-43.73703264,60.21892438
4.416344553,0.3546514668,-1.345478679,-3.338568541,-43.7025849,60.33539912
4.416674616,0.3540479975,-1.344420289,-3.31891187,-43.66599569,60.44953748
4.41697327,0.3535019559,-1.343316667,-3.295297415,-43.62736508,60.56133205
4.417242084,0.3530104706,-1.342169933,-3.267874904,-43.58679315,60.67077542
4.41748263,0.3525706703,-1.34098221,-3.236794064,-43.54437995,60.77786018
4.417696478,0.3521796834,-1.339755619,-3.202204623,-43.50022556,60.88257894
4.417885197,0.3518346388,-1.338492281,-3.164256308,-43.45443006,60.98492429
4.41805036,0.3515326648,-1.33719432,-3.123098847,-43.4070935,61.08488882
4.418193536,0.3512708903,-1.335863856,-3.078881968,-43.35831596,61.18246513
4.418316295,0.3510464438,-1.334503012,-3.031755399,-43.30819751,61.27764582
4.418420209,0.3508564538,-1.333113908,-2.981868868,-43.25683822,61.37042348
4.418506847,0.3506980491,-1.331698668,-2.929372101,-43.20433816,61.46079071
4.418577781,0.3505683583,-1.330259412,-2.874414826,-43.15079739,61.5487401
4.41863458,0.3504645099,-1.328798262,-2.817146773,-43.09631599,61.63426425
4.418678815,0.3503836325,-1.327317341,-2.757717667,-43.04099402,61.71735575
4.418712057,0.3503228549,-1.325818769,-2.696277237,-42.98493156,61.7980072
4.418735876,0.3502793056,-1.324304669,-2.63297521,-42.92822868,61.87621119
4.418751843,0.3502501132,-1.322777162,-2.567961314,-42.87098544,61.95196033
4.418761528,0.3502324063,-1.321238371,-2.501385277,-42.81330191,62.0252472
4.418766501,0.3502233136,-1.319690417,-2.433396827,-42.75527817,62.0960644
4.418768333,0.3502199636,-1.318135421,-2.364145691,-42.69701428,62.16440452
4.418768595,0.3502194851,-1.316575506,-2.293781596,-42.63861032,62.23026017
4.418768856,0.3502190065,-1.315012793,-2.222454271,-42.58016634,62.29362394
4.418770689,0.3502156566,-1.313449404,-2.150313444,-42.52178243,62.35448842
4.418775662,0.3502065638,-1.311887461,-2.077508841,-42.46355865,62.41284621
4.418785347,0.350188857,-1.310329086,-2.004190191,-42.40559507,62.46868991
4.418801313,0.3501596646,-1.3087764,-1.930507221,-42.34799176,62.5220121
4.418825132,0.3501161152,-1.307231525,-1.856609659,-42.29084879,62.57280539
4.418858374,0.3500553376,-1.305696582,-1.782647233,-42.23426623,62.62106238
4.418902609,0.3499744603,-1.304173695,-1.70876967,-42.17834415,62.66677565
4.418959409,0.3498706119,-1.302664984,-1.635126699,-42.12318262,62.7099378
4.419030342,0.349740921,-1.301172571,-1.561868046,-42.06888171,62.75054143
4.41911698,0.3495825163,-1.299698577,-1.489143439,-42.01554148,62.78857913
4.419220894,0.3493925264,-1.298245126,-1.417102607,-41.96326201,62.8240435
4.419343654,0.3491680799,-1.296814338,-1.345895276,-41.91214337,62.85692713
4.419486829,0.3489063053,-1.295408335,-1.275671175,-41.86228562,62.88722263
4.419651992,0.3486043314,-1.29402924,-1.206580031,-41.81378884,62.91492258
4.419840712,0.3482592867,-1.292679173,-1.138771571,-41.7667531,62.94001958
4.420054559,0.3478682999,-1.291360256,-1.072395525,-41.72127846,62.96250623
4.420295105,0.3474284995,-1.290074612,-1.007601618,-41.67746499,62.98237512
4.42056392,0.3469370142,-1.288824362,-0.9445395799,-41.63541277,62.99961885
4.420862574,0.3463909726,-1.287611628,-0.883359137,-41.59522186,63.01423002
4.421192637,0.3457875034,-1.286438531,-0.8242100175,-41.55699234,63.02620121
4.421555681,0.345123735,-1.285307194,-0.7672419489,-41.52082427,63.03552502
4.421953275,0.3443967962,-1.284219737,-0.712604659,-41.48681771,63.04219406
4.42238699,0.3436038156,-1.283178284,-0.6604478756,-41.45507276,63.04620091
4.422858397,0.3427419217,-1.282184955,-0.6109213261,-41.42568946,63.04753817
4.423423384,0.3417273838,-1.281229488,-0.5628597241,-41.39857169,63.04484947
4.424132514,0.3404852071,-1.280299745,-0.5150014199,-41.37350146,63.03689533
4.424979374,0.3390256244,-1.279395032,-0.4673515965,-41.35039602,63.02384369
4.425957548,0.3373588682,-1.278514659,-0.4199154373,-41.32917261,63.00586248
4.427060621,0.3354951714,-1.277657934,-0.3726981252,-41.3097485,62.98311964
4.428282178,0.3334447666,-1.276824164,-0.3257048434,-41.29204094,62.95578311
4.429615804,0.3312178865,-1.276012658,-0.2789407751,-41.27596717,62.92402083
4.431055085,0.3288247639,-1.275222724,-0.2324111034,-41.26144447,62.88800073
4.432593604,0.3262756314,-1.27445367,-0.1861210115,-41.24839007,62.84789076
4.434224948,0.3235807218,-1.273704804,-0.1400756824,-41.23672123,62.80385884
4.435942701,0.3207502678,-1.272975434,-0.09428029931,-41.22635522,62.75607292
4.437740448,0.317794502,-1.272264868,-0.04874004541,-41.21720927,62.70470094
4.439611774,0.3147236572,-1.271572415,-0.003460103797,-41.20920065,62.64991082
4.441550265,0.3115479661,-1.270897383,0.04155434238,-41.2022466,62.59187052
4.443549505,0.3082776613,-1.270239079,0.08629810999,-41.19626439,62.53074797
4.445603079,0.3049229757,-1.269596812,0.1307660159,-41.19117127,62.4667111
4.447704573,0.3014941418,-1.268969889,0.1749528769,-41.18688448,62.39992785
4.449847571,0.2980013925,-1.26835762,0.21885351,-41.18332129,62.33056616
4.452025658,0.2944549604,-1.267759312,0.2624627319,-41.18039895,62.25879397
4.454232419,0.2908650781,-1.267174273,0.3057753596,-41.17803471,62.18477921
4.45646144,0.2872419785,-1.266601812,0.3487862099,-41.17614583,62.10868983
4.458706306,0.2835958943,-1.266041236,0.3914900996,-41.17464955,62.03069376
4.460960601,0.279937058,-1.265491854,0.4338818457,-41.17346314,61.95095894
4.46321791,0.2762757025,-1.264952973,0.4759562649,-41.17250385,61.8696533
4.465471818,0.2726220605,-1.264423902,0.5177081742,-41.17168893,61.78694478
4.467715912,0.2689863646,-1.26390395,0.5591323904,-41.17093563,61.70300132
4.469943774,0.2653788475,-1.263392423,0.6002237304,-41.17016122,61.61799087
4.472148991,0.2618097421,-1.26288863,0.640977011,-41.16928294,61.53208134
4.474325148,0.2582892809,-1.26239188,0.6813870491,-41.16821804,61.44544069
4.476465829,0.2548276966,-1.26190148,0.7214486615,-41.16688378,61.35823686
4.47856462,0.2514352221,-1.261416738,0.7611566651,-41.16519742,61.27063777
4.480615106,0.2481220899,-1.260936963,0.8005058769,-41.16307621,61.18281136
4.482610871,0.2448985329,-1.260461463,0.8394911135,-41.1604374,61.09492558
4.4845455,0.2417747836,-1.259989546,0.878107192,-41.15719825,61.00714836
4.48641258,0.2387610748,-1.25952052,0.9163489291,-41.15327601,60.91964764
4.488205693,0.2358676393,-1.259053693,0.9542111418,-41.14858793,60.83259135
4.489918427,0.2331047097,-1.258588373,0.9916886468,-41.14305127,60.74614744
4.491544365,0.2304825187,-1.258123868,1.028776261,-41.13658328,60.66048384
4.493077093,0.228011299,-1.257659487,1.065468801,-41.12910122,60.57576849
4.494510196,0.2257012833,-1.257194537,1.101761085,-41.12052234,60.49216933
4.495837258,0.2235627044,-1.256728327,1.137647928,-41.11076389,60.40985428
4.497051865,0.221605795,-1.256260165,1.173124148,-41.09974313,60.3289913
4.498147602,0.2198407877,-1.255789358,1.208184561,-41.08737731,60.24974832
4.499118054,0.2182779153,-1.255315216,1.242823985,-41.07358369,60.17229328
4.499956806,0.2169274104,-1.254837046,1.277037236,-41.05827952,60.09679411
4.500657442,0.2157995058,-1.254354156,1.310819132,-41.04138205,60.02341875
4.501213548,0.2149044342,-1.253865854,1.344164488,-41.02280853,59.95233514
4.501618709,0.2142524282,-1.253371449,1.377068122,-41.00247623,59.88371122
4.50186651,0.2138537207,-1.252870248,1.409524851,-40.98030239,59.81771492
4.501950536,0.2137185442,-1.25236156,1.441529491,-40.95620427,59.75451418
4.501673645,0.2139317799,-1.251850459,1.473380275,-40.93025061,59.69191557
4.500857939,0.2145599605,-1.251342489,1.505357718,-40.90261036,59.62768992
4.499525868,0.2155857967,-1.250837665,1.537430062,-40.87335109,59.5619516
4.497699883,0.2169919992,-1.250336,1.569565547,-40.84254038,59.49481496
4.495402435,0.2187612785,-1.249837508,1.601732418,-40.8102458,59.42639435
4.492655974,0.2208763454,-1.249342205,1.633898914,-40.77653493,59.35680413
4.489482951,0.2233199103,-1.248850103,1.666033278,-40.74147533,59.28615866
4.485905817,0.226074684,-1.248361217,1.698103753,-40.7051346,59.21457228
4.481947022,0.2291233771,-1.247875561,1.730078578,-40.66758029,59.14215937
4.477629017,0.2324487002,-1.24739315,1.761925997,-40.62887999,59.06903426
4.472974252,0.2360333639,-1.246913996,1.793614252,-40.58910127,58.99531133
4.468005179,0.2398600788,-1.246438115,1.825111583,-40.5483117,58.92110492
4.462744247,0.2439115556,-1.24596552,1.856386234,-40.50657885,58.84652939
4.457213908,0.2481705049,-1.245496226,1.887406445,-40.46397031,58.7716991
4.451436612,0.2526196373,-1.245030247,1.918140458,-40.42055365,58.69672839
4.445434809,0.2572416635,-1.244567596,1.948556516,-40.37639643,58.62173164
4.439230951,0.262019294,-1.244108288,1.978622861,-40.33156624,58.54682319
4.432847487,0.2669352396,-1.243652337,2.008307733,-40.28613065,58.47211739
4.426306869,0.2719722108,-1.243199757,2.037579375,-40.24015723,58.39772861
4.419631548,0.2771129182,-1.242750562,2.066406029,-40.19371356,58.3237712
4.412843973,0.2823400724,-1.242304767,2.094755936,-40.14686722,58.25035952
4.405966596,0.2876363842,-1.241862384,2.122597339,-40.09968577,58.17760792
4.399021867,0.2929845641,-1.241423429,2.149898478,-40.05223679,58.10563076
4.392032236,0.2983673228,-1.240987916,2.176627597,-40.00458786,58.03454238
4.385020155,0.3037673708,-1.240555858,2.202752937,-39.95680654,57.96445716
4.378008074,0.3091674189,-1.24012727,2.228242739,-39.90896043,57.89548945
4.371018443,0.3145501775,-1.239702166,2.253065246,-39.86111708,57.82775359
4.364073714,0.3198983574,-1.23928056,2.277188698,-39.81334407,57.76136395
4.357196337,0.3251946692,-1.238862465,2.300581339,-39.76570898,57.69643488
4.350408762,0.3304218235,-1.238447897,2.32321141,-39.71827938,57.63308074
4.343733441,0.3355625309,-1.238036869,2.345047153,-39.67112285,57.57141588
4.337192823,0.3405995021,-1.237629396,2.366056809,-39.62430696,57.51155466
4.330809359,0.3455154476,-1.23722549,2.386208621,-39.57789929,57.45361143
4.324605501,0.3502930782,-1.236825168,2.40547083,-39.5319674,57.39770056
4.318603698,0.3549151043,-1.236428442,2.423811678,-39.48657888,57.34393639
4.312826402,0.3593642368,-1.236035326,2.441199407,-39.4418013,57.29243329
4.307296063,0.3636231861,-1.235645836,2.457602258,-39.39770223,57.2433056
4.302035131,0.3676746629,-1.235259984,2.472988475,-39.35434924,57.19666768
4.297066058,0.3715013778,-1.234877785,2.487326297,-39.31180992,57.1526339
4.292411293,0.3750860415,-1.234499254,2.500583968,-39.27015183,57.1113186
4.288093288,0.3784113646,-1.234124403,2.512729728,-39.22944256,57.07283614
4.284134493,0.3814600576,-1.233753248,2.523731821,-39.18974967,57.03730087
4.280557359,0.3842148313,-1.233385803,2.533558487,-39.15114073,57.00482716
4.277384336,0.3866583963,-1.233022081,2.542177969,-39.11368333,56.97552936
4.274637875,0.3887734631,-1.232662096,2.549558508,-39.07744504,56.94952182
4.272340427,0.3905427425,-1.232305863,2.555668346,-39.04249343,56.9269189
4.270514442,0.391948945,-1.231953396,2.560475725,-39.00889608,56.90783495
4.269182371,0.3929747812,-1.231604709,2.563948886,-38.97672056,56.89238434
4.268366665,0.3936029618,-1.231259816,2.566056073,-38.94603444,56.88068141
4.268089774,0.3938161974,-1.230918731,2.566765526,-38.9169053,56.87284052
4.268199863,0.3937162211,-1.230578216,2.566158478,-38.88875945,56.86708543
4.26852418,0.3934216619,-1.23023528,2.564355911,-38.86098361,56.86156051
4.269053798,0.3929405747,-1.229890304,2.561385685,-38.83358597,56.85626106
4.269779792,0.3922810142,-1.229543675,2.557275662,-38.80657471,56.85118239
4.270693235,0.3914510351,-1.229195773,2.552053703,-38.77995803,56.8463198
4.271785201,0.3904586924,-1.228846985,2.545747668,-38.75374412,56.8416686
4.273046763,0.3893120406,-1.228497692,2.538385421,-38.72794117,56.83722408
4.274468997,0.3880191347,-1.228148279,2.529994821,-38.70255736,56.83298154
4.276042975,0.3865880293,-1.227799129,2.52060373,-38.67760088,56.8289363
4.277759772,0.3850267793,-1.227450625,2.51024001,-38.65307994,56.82508365
4.27961046,0.3833434394,-1.227103152,2.498931522,-38.62900271,56.8214189
4.281586115,0.3815460644,-1.226757092,2.486706127,-38.60537738,56.81793735
4.28367781,0.3796427091,-1.22641283,2.473591687,-38.58221215,56.81463429
4.285876619,0.3776414282,-1.226070748,2.459616062,-38.5595152,56.81150504
4.288173615,0.3755502765,-1.225731231,2.444807115,-38.53729473,56.8085449
4.290559873,0.3733773088,-1.225394662,2.429192706,-38.51555893,56.80574917
4.293026466,0.3711305798,-1.225061424,2.412800697,-38.49431597,56.80311314
4.295564469,0.3688181444,-1.224731901,2.395658949,-38.47357407,56.80063214
4.298164954,0.3664480573,-1.224406477,2.377795324,-38.45334139,56.79830144
4.300818997,0.3640283732,-1.224085536,2.359237682,-38.43362614,56.79611637
4.30351767,0.361567147,-1.223769459,2.340013886,-38.41443651,56.79407222
4.306252048,0.3590724335,-1.223458633,2.320151796,-38.39578067,56.79216429
4.309013204,0.3565522873,-1.223153439,2.299679273,-38.37766683,56.7903879
4.311792213,0.3540147633,-1.222854261,2.27862418,-38.36010318,56.78873833
4.314580148,0.3514679162,-1.222561484,2.257014378,-38.34309789,56.78721089
4.317368082,0.3489198008,-1.22227549,2.234877727,-38.32665917,56.78580089
4.320147091,0.3463784719,-1.221996663,2.212242089,-38.3107952,56.78450362
4.322908247,0.3438519842,-1.221725386,2.189135326,-38.29551417,56.7833144
4.325642625,0.3413483926,-1.221462044,2.165585298,-38.28082428,56.78222852
4.328341298,0.3388757518,-1.22120702,2.141619867,-38.2667337,56.78124128
4.330995341,0.3364421165,-1.220960697,2.117266895,-38.25325064,56.78034799
4.333595826,0.3340555416,-1.220723459,2.092554243,-38.24038328,56.77954395
4.336133829,0.3317240818,-1.220495689,2.067509771,-38.22813981,56.77882447
4.338600422,0.3294557919,-1.220277771,2.042161342,-38.21652842,56.77818484
4.34098668,0.3272587267,-1.220070089,2.016536817,-38.2055573,56.77762037
4.343283676,0.3251409408,-1.219873026,1.990664056,-38.19523464,56.77712636
4.345482485,0.3231104892,-1.219686965,1.964570922,-38.18556863,56.77669811
4.34757418,0.3211754266,-1.219512291,1.938285276,-38.17656746,56.77633093
4.349549835,0.3193438077,-1.219349386,1.911834979,-38.16823932,56.77602012
4.351400524,0.3176236874,-1.219198635,1.885247892,-38.1605924,56.77576098
4.35311732,0.3160231203,-1.219060421,1.858551877,-38.15363489,56.77554882
4.354691298,0.3145501613,-1.218935127,1.831774794,-38.14737498,56.77537893
4.356113532,0.3132128652,-1.218823137,1.804944506,-38.14182085,56.77524662
4.357375095,0.3120192866,-1.218724835,1.778088874,-38.13698071,56.77514719
4.35846706,0.3109774805,-1.218640604,1.751235758,-38.13286273,56.77507595
4.359380503,0.3100955015,-1.218570827,1.724413021,-38.12947511,56.77502819
4.360106497,0.3093814044,-1.218515889,1.697648524,-38.12682604,56.77499922
4.360636115,0.3088432441,-1.218476172,1.670970127,-38.12492371,56.77498435
4.360960432,0.3084890752,-1.218452061,1.644405693,-38.1237763,56.77497887
4.361070521,0.3083269525,-1.218443939,1.617983082,-38.12339202,56.77497808
4.361070506,0.3082647978,-1.218464709,1.591471096,-38.12447825,56.77497933
4.361070398,0.3082051289,-1.218526299,1.564621775,-38.12769307,56.77498804
4.361070106,0.3081478951,-1.218627629,1.537437844,-38.13297062,56.77501169
4.361069536,0.3080930457,-1.218767617,1.509922025,-38.14024504,56.77505774
4.361068596,0.30804053,-1.218945184,1.482077041,-38.1494505,56.77513366
4.361067195,0.3079902972,-1.219159249,1.453905617,-38.16052114,56.77524692
4.361065239,0.3079422965,-1.219408732,1.425410474,-38.17339111,56.77540498
4.361062636,0.3078964774,-1.219692551,1.396594336,-38.18799456,56.77561531
4.361059294,0.307852789,-1.220009626,1.367459927,-38.20426564,56.77588539
4.36105512,0.3078111805,-1.220358878,1.33800997,-38.2221385,56.77622267
4.361050023,0.3077716014,-1.220739224,1.308247187,-38.2415473,56.77663463
4.361043908,0.3077340008,-1.221149586,1.278174302,-38.26242618,56.77712873
4.361036685,0.3076983279,-1.221588881,1.247794039,-38.28470929,56.77771245
4.361028261,0.3076645322,-1.222056031,1.217109119,-38.30833079,56.77839324
4.361018543,0.3076325628,-1.222549953,1.186122268,-38.33322483,56.77917857
4.361007439,0.307602369,-1.223069568,1.154836207,-38.35932555,56.78007592
4.360994856,0.3075739001,-1.223613796,1.123253661,-38.38656711,56.78109275
4.360980703,0.3075471053,-1.224181555,1.091377351,-38.41488365,56.78223653
4.360964886,0.3075219339,-1.224771765,1.059210002,-38.44420933,56.78351472
4.360947313,0.3074983352,-1.225383346,1.026754337,-38.4744783,56.7849348
4.360927893,0.3074762585,-1.226015216,0.9940130779,-38.5056247,56.78650422
4.360906531,0.307455653,-1.226666297,0.9609889493,-38.5375827,56.78823047
4.360883137,0.307436468,-1.227335506,0.927684674,-38.57028643,56.790121
4.360857618,0.3074186527,-1.228021764,0.894102975,-38.60367006,56.79218328
4.36082988,0.3074021564,-1.228723989,0.8602465758,-38.63766772,56.79442479
4.360799833,0.3073869285,-1.229441103,0.8261181993,-38.67221358,56.79685298
4.360767383,0.3073729181,-1.230172023,0.7917205689,-38.70724177,56.79947533
4.360732438,0.3073600745,-1.230915669,0.7570564078,-38.74268646,56.8022993
4.360694906,0.307348347,-1.231670962,0.7221284391,-38.77848179,56.80533236
4.360654694,0.3073376849,-1.232436819,0.6869393861,-38.81456191,56.80858198
4.36061171,0.3073280375,-1.233212162,0.6514919719,-38.85086098,56.81205563
4.360565861,0.3073193539,-1.233995909,0.6157889198,-38.88731314,56.81576077
4.360517055,0.3073115835,-1.23478698,0.5798329529,-38.92385254,56.81970488
4.3604652,0.3073046755,-1.235584293,0.5436267946,-38.96041334,56.82389541
4.360410203,0.3072985793,-1.23638677,0.5071731679,-38.99692968,56.82833983
4.360351971,0.307293244,-1.237193329,0.470474796,-39.03333572,56.83304562
4.360290413,0.307288619,-1.23800289,0.4335344023,-39.06956561,56.83802025
4.360225437,0.3072846534,-1.238814371,0.3963547098,-39.10555349,56.84327117
4.360156948,0.3072812967,-1.239626694,0.3589384418,-39.14123352,56.84880585
4.360084856,0.307278498,-1.240438776,0.3212883215,-39.17653985,56.85463177
4.360009068,0.3072762066,-1.241249538,0.2834070721,-39.21140663,56.8607564
4.359929491,0.3072743718,-1.242057899,0.2452974168,-39.245768,56.86718719
4.359846032,0.3072729429,-1.242862779,0.2069620787,-39.27955813,56.87393161
4.359758601,0.307271869,-1.243663097,0.1684037812,-39.31271115,56.88099714
4.359667103,0.3072710996,-1.244457772,0.1296252474,-39.34516123,56.88839125
4.359571448,0.3072705838,-1.245245724,0.09062920049,-39.3768425,56.89612139
4.359471541,0.307270271,-1.246025873,0.05141836368,-39.40768913,56.90419504
4.359367292,0.3072701103,-1.246797138,0.01199546019,-39.43763526,56.91261966
4.359258607,0.3072700512,-1.247558438,-0.02763678678,-39.46661504,56.92140272
4.359145394,0.3072700427,-1.248308693,-0.06747565404,-39.49456262,56.9305517
4.358879629,0.3074753928,-1.249075159,-0.1085115369,-39.52248837,56.94077496
4.358321214,0.3080807757,-1.249884293,-0.1516598326,-39.55140603,56.95272509
4.357481944,0.30907019,-1.250733816,-0.1968053205,-39.58125484,56.96632583
4.356373612,0.3104276345,-1.251621448,-0.24383278,-39.61197404,56.98150091
4.355008015,0.3121371077,-1.25254491,-0.2926269906,-39.64350287,56.9981741
4.353396947,0.3141826084,-1.253501924,-0.3430727316,-39.67578057,57.01626913
4.351552202,0.3165481353,-1.254490209,-0.3950547827,-39.70874638,57.03570974
4.349485576,0.3192176871,-1.255507486,-0.4484579231,-39.74233954,57.05641969
4.347208864,0.3221752625,-1.256551476,-0.5031669323,-39.77649928,57.07832272
4.344733861,0.3254048602,-1.257619899,-0.5590665898,-39.81116485,57.10134257
4.34207236,0.3288904788,-1.258710477,-0.616041675,-39.84627549,57.12540299
4.339236158,0.332616117,-1.25982093,-0.6739769673,-39.88177043,57.15042772
4.336237049,0.3365657736,-1.260948978,-0.7327572461,-39.91758892,57.17634051
4.333086828,0.3407234471,-1.262092343,-0.792267291,-39.95367019,57.20306511
4.32979729,0.3450731365,-1.263248744,-0.8523918813,-39.98995348,57.23052526
4.32638023,0.3495988402,-1.264415903,-0.9130157964,-40.02637804,57.2586447
4.322847442,0.354284557,-1.265591541,-0.9740238158,-40.06288309,57.28734718
4.319210722,0.3591142856,-1.266773377,-1.035300719,-40.09940789,57.31655644
4.315481864,0.3640720246,-1.267959134,-1.096731285,-40.13589167,57.34619624
4.311672663,0.3691417729,-1.26914653,-1.158200294,-40.17227366,57.37619031
4.307794914,0.3743075289,-1.270333288,-1.219592525,-40.20849311,57.40646241
4.303860412,0.3795532916,-1.271517127,-1.280792758,-40.24448926,57.43693627
4.299880952,0.3848630595,-1.272695769,-1.341685771,-40.28020135,57.46753564
4.295868329,0.3902208313,-1.273866934,-1.402156345,-40.31556861,57.49818426
4.291834337,0.3956106057,-1.275028343,-1.462089259,-40.35053029,57.52880589
4.287790771,0.4010163814,-1.276177716,-1.521369291,-40.38502562,57.55932427
4.283749427,0.4064221572,-1.277312775,-1.579881223,-40.41899385,57.58966313
4.279722099,0.4118119316,-1.278431239,-1.637509832,-40.45237421,57.61974624
4.275720583,0.4171697034,-1.279530829,-1.694139899,-40.48510594,57.64949732
4.271756672,0.4224794713,-1.280609267,-1.749656204,-40.51712828,57.67884014
4.267842161,0.4277252339,-1.281664273,-1.803943524,-40.54838047,57.70769842
4.263988847,0.43289099,-1.282693567,-1.85688664,-40.57880175,57.73599593
4.260208523,0.4379607382,-1.283694871,-1.908370332,-40.60833136,57.7636564
4.256512984,0.4429184773,-1.284665905,-1.958279378,-40.63690854,57.79060357
4.252914026,0.4477482059,-1.285604389,-2.006498558,-40.66447253,57.8167612
4.249423443,0.4524339227,-1.286508044,-2.052912652,-40.69096256,57.84205303
4.24605303,0.4569596264,-1.287374591,-2.097406439,-40.71631788,57.86640281
4.242814582,0.4613093157,-1.288201751,-2.139864699,-40.74047772,57.88973427
4.239719893,0.4654669893,-1.288987245,-2.18017221,-40.76338133,57.91197116
4.236780759,0.4694166459,-1.289728792,-2.218213753,-40.78496794,57.93303724
4.234008975,0.4731422841,-1.290424114,-2.253874106,-40.8051768,57.95285624
4.231416335,0.4766279027,-1.291070932,-2.28703805,-40.82394714,57.97135191
4.229014635,0.4798575003,-1.291666965,-2.317590363,-40.84121819,57.988448
4.226815668,0.4828150757,-1.292209935,-2.345415826,-40.85692921,58.00406825
4.22483123,0.4854846275,-1.292697563,-2.370399217,-40.87101943,58.0181364
4.223073117,0.4878501544,-1.293127569,-2.392425315,-40.88342809,58.0305762
4.221553122,0.4898956552,-1.293497673,-2.411378902,-40.89409443,58.0413114
4.22028304,0.4916051284,-1.293805597,-2.427144754,-40.90295768,58.05026574
4.219274668,0.4929625728,-1.294049061,-2.439607654,-40.90995709,58.05736297
4.218539798,0.4939519871,-1.294225786,-2.448652379,-40.9150319,58.06252683
4.218090227,0.49455737,-1.294333493,-2.454163709,-40.91812134,58.06568106
4.217937749,0.4947627201,-1.294369901,-2.456026423,-40.91916466,58.06674942